MUNICIPIO;IDMUNICIPIO;GENERACION_TOTAL_KG;ANIO
ACACIAS;0.0;20.0;2016
ACACIAS;0.0;36.97;2017
ACACIAS;0.0;10.0;2019
ACACIAS;0.0;43.0;2020
ACACIAS;0.0;33.202;2021
ACACIAS;0.0;35.105;2022
ACACIAS;0.0;37.008;2023
ACACIAS;0.0;38.911;2024
ACACIAS;0.0;40.814;2025
AGUACHICA;1.0;270.0;2015
AGUACHICA;1.0;67.0;2016
AGUACHICA;1.0;446.7;2017
AGUACHICA;1.0;2688.15;2019
AGUACHICA;1.0;2000.9;2020
AGUACHICA;1.0;2890.971;2021
AGUACHICA;1.0;3389.977;2022
AGUACHICA;1.0;3888.983;2023
AGUACHICA;1.0;4387.989;2024
AGUACHICA;1.0;4886.995;2025
AGUAZUL;2.0;91.7;2016
AGUAZUL;2.0;68.32;2017
AGUAZUL;2.0;0.4;2019
AGUAZUL;2.0;1.0;2020
AGUAZUL;2.0;40.355;2021
AGUAZUL;2.0;40.355;2022
AGUAZUL;2.0;4.738;2023
AGUAZUL;2.0;35.267;2024
AGUAZUL;2.0;3.913;2025
AGUSTIN CODAZZI;3.0;314.5;2015
AGUSTIN CODAZZI;3.0;110.7;2016
AGUSTIN CODAZZI;3.0;149.0;2017
AGUSTIN CODAZZI;3.0;236.0;2019
AGUSTIN CODAZZI;3.0;717.5;2020
AGUSTIN CODAZZI;3.0;572.133;2021
AGUSTIN CODAZZI;3.0;646.186;2022
AGUSTIN CODAZZI;3.0;720.24;2023
AGUSTIN CODAZZI;3.0;794.293;2024
AGUSTIN CODAZZI;3.0;868.347;2025
AIPE;4.0;7589.0;2016
AIPE;4.0;3.0;2017
AIPE;4.0;0.0;2019
AIPE;4.0;40.0;2020
AIPE;4.0;1908.0;2021
AIPE;4.0;1908.0;2022
AIPE;4.0;1908.0;2023
AIPE;4.0;266.587;2024
AIPE;4.0;1702.823;2025
ALBAN;5.0;37.8;2015
ALBAN;5.0;12.3;2016
ALBAN;5.0;75.9;2017
ALBAN;5.0;137.25;2021
ALBAN;5.0;156.3;2022
ALBAN;5.0;175.35;2023
ALBAN;5.0;194.4;2024
ALBAN;5.0;213.45;2025
ALBANIA;6.0;20.0;2015
ALBANIA;6.0;53790.0;2019
ALBANIA;6.0;80675.0;2021
ALBANIA;6.0;94117.5;2022
ALBANIA;6.0;107560.0;2023
ALBANIA;6.0;121002.5;2024
ALBANIA;6.0;134445.0;2025
ALCALA;7.0;16.0;2017
ALCALA;7.0;16.0;2021
ALCALA;7.0;16.0;2022
ALCALA;7.0;16.0;2023
ALCALA;7.0;16.0;2024
ALCALA;7.0;16.0;2025
ALVARADO;8.0;17.0;2017
ALVARADO;8.0;17.0;2021
ALVARADO;8.0;17.0;2022
ALVARADO;8.0;17.0;2023
ALVARADO;8.0;17.0;2024
ALVARADO;8.0;17.0;2025
AMAGA;9.0;16.97;2017
AMAGA;9.0;16.5;2020
AMAGA;9.0;16.343;2021
AMAGA;9.0;16.186;2022
AMAGA;9.0;16.029;2023
AMAGA;9.0;15.872;2024
AMAGA;9.0;15.715;2025
AMALFI;10.0;64.6;2017
AMALFI;10.0;106.9;2019
AMALFI;10.0;108.1;2020
AMALFI;10.0;129.25;2021
AMALFI;10.0;144.7;2022
AMALFI;10.0;160.15;2023
AMALFI;10.0;175.6;2024
AMALFI;10.0;191.05;2025
ANDALUCIA;11.0;12.7;2015
ANDALUCIA;11.0;25.0;2016
ANDALUCIA;11.0;41.44;2017
ANDALUCIA;11.0;12.83;2019
ANDALUCIA;11.0;9.0;2020
ANDALUCIA;11.0;12.214;2021
ANDALUCIA;11.0;9.997;2022
ANDALUCIA;11.0;7.78;2023
ANDALUCIA;11.0;5.563;2024
ANDALUCIA;11.0;3.347;2025
ANGOSTURA;12.0;0.74;2016
ANGOSTURA;12.0;36.07;2017
ANGOSTURA;12.0;6.35;2019
ANGOSTURA;12.0;7.52;2020
ANGOSTURA;12.0;7.822;2021
ANGOSTURA;12.0;6.206;2022
ANGOSTURA;12.0;4.59;2023
ANGOSTURA;12.0;2.974;2024
ANGOSTURA;12.0;1.358;2025
ANORI;13.0;163.70000000000002;2019
ANORI;13.0;72.0;2020
ANORI;13.0;117.85;2021
ANORI;13.0;72.0;2022
ANORI;13.0;49.075;2023
ANORI;13.0;26.15;2024
ANORI;13.0;3.225;2025
ANSERMANUEVO;14.0;3.2;2017
ANSERMANUEVO;14.0;3.2;2021
ANSERMANUEVO;14.0;3.2;2022
ANSERMANUEVO;14.0;3.2;2023
ANSERMANUEVO;14.0;3.2;2024
ANSERMANUEVO;14.0;3.2;2025
APARTADO;15.0;21.0;2015
APARTADO;15.0;1238.0;2016
APARTADO;15.0;921.69;2017
APARTADO;15.0;414.0;2019
APARTADO;15.0;500.04;2020
APARTADO;15.0;579.226;2021
APARTADO;15.0;568.193;2022
APARTADO;15.0;557.16;2023
APARTADO;15.0;546.127;2024
APARTADO;15.0;535.093;2025
ARACATACA;16.0;38.0;2015
ARACATACA;16.0;500.0;2017
ARACATACA;16.0;80.0;2019
ARACATACA;16.0;60.0;2020
ARACATACA;16.0;115.627;2021
ARACATACA;16.0;99.051;2022
ARACATACA;16.0;82.475;2023
ARACATACA;16.0;65.899;2024
ARACATACA;16.0;49.322;2025
ARAUCA;17.0;126.0;2015
ARAUCA;17.0;325.0;2016
ARAUCA;17.0;888.64;2017
ARAUCA;17.0;474.42;2019
ARAUCA;17.0;3450.21;2020
ARAUCA;17.0;2856.362;2021
ARAUCA;17.0;3357.337;2022
ARAUCA;17.0;3858.311;2023
ARAUCA;17.0;4359.286;2024
ARAUCA;17.0;4860.26;2025
ARAUQUITA;18.0;3245.0;2015
ARAUQUITA;18.0;4597.5;2016
ARAUQUITA;18.0;989.5;2017
ARAUQUITA;18.0;10344.0;2019
ARAUQUITA;18.0;832.0;2020
ARAUQUITA;18.0;4858.337;2021
ARAUQUITA;18.0;5096.32;2022
ARAUQUITA;18.0;5334.302;2023
ARAUQUITA;18.0;5572.285;2024
ARAUQUITA;18.0;5810.267;2025
ARBOLETES;19.0;16.97;2017
ARBOLETES;19.0;16.97;2021
ARBOLETES;19.0;16.97;2022
ARBOLETES;19.0;16.97;2023
ARBOLETES;19.0;16.97;2024
ARBOLETES;19.0;16.97;2025
ARJONA;20.0;64.0;2015
ARJONA;20.0;146.0;2016
ARJONA;20.0;204.0;2017
ARJONA;20.0;712.1;2019
ARJONA;20.0;120.5;2020
ARJONA;20.0;461.356;2021
ARJONA;20.0;520.255;2022
ARJONA;20.0;579.154;2023
ARJONA;20.0;638.053;2024
ARJONA;20.0;696.952;2025
ARMENIA;21.0;3862.0;2015
ARMENIA;21.0;2057.7;2016
ARMENIA;21.0;2772.67;2017
ARMENIA;21.0;4833.32;2019
ARMENIA;21.0;8169.85;2020
ARMENIA;21.0;7628.561;2021
ARMENIA;21.0;8542.298;2022
ARMENIA;21.0;9456.035;2023
ARMENIA;21.0;10369.772;2024
ARMENIA;21.0;11283.509;2025
ARMERO GUAYABAL;22.0;39.2;2019
ARMERO GUAYABAL;22.0;2.5;2020
ARMERO GUAYABAL;22.0;20.85;2021
ARMERO GUAYABAL;22.0;2.5;2022
ARMERO GUAYABAL;22.0;16.263;2023
ARMERO GUAYABAL;22.0;2.5;2024
ARMERO GUAYABAL;22.0;13.969;2025
AYAPEL;23.0;16.97;2017
AYAPEL;23.0;16.97;2021
AYAPEL;23.0;16.97;2022
AYAPEL;23.0;16.97;2023
AYAPEL;23.0;16.97;2024
AYAPEL;23.0;16.97;2025
BAHIA SOLANO;24.0;1.0;2017
BAHIA SOLANO;24.0;333.0;2020
BAHIA SOLANO;24.0;443.667;2021
BAHIA SOLANO;24.0;554.334;2022
BAHIA SOLANO;24.0;665.001;2023
BAHIA SOLANO;24.0;775.668;2024
BAHIA SOLANO;24.0;886.335;2025
BALBOA;25.0;477.2;2015
BALBOA;25.0;1871.5;2016
BALBOA;25.0;1739.0;2017
BALBOA;25.0;1987.2;2019
BALBOA;25.0;21.2;2020
BALBOA;25.0;962.544;2021
BALBOA;25.0;891.245;2022
BALBOA;25.0;819.946;2023
BALBOA;25.0;748.647;2024
BALBOA;25.0;677.348;2025
BARANOA;26.0;0.0;2015
BARANOA;26.0;4.0;2019
BARANOA;26.0;63.0;2020
BARANOA;26.0;50.19;2021
BARANOA;26.0;59.476;2022
BARANOA;26.0;68.762;2023
BARANOA;26.0;78.047;2024
BARANOA;26.0;87.333;2025
BARBOSA;27.0;801.0;2015
BARBOSA;27.0;900.0;2016
BARBOSA;27.0;771.42;2017
BARBOSA;27.0;2258.5;2019
BARBOSA;27.0;4469.7;2020
BARBOSA;27.0;4298.14;2021
BARBOSA;27.0;4980.922;2022
BARBOSA;27.0;5663.704;2023
BARBOSA;27.0;6346.486;2024
BARBOSA;27.0;7029.268;2025
BARRANCA DE UPIA;28.0;153.0;2019
BARRANCA DE UPIA;28.0;144.0;2020
BARRANCA DE UPIA;28.0;135.0;2021
BARRANCA DE UPIA;28.0;126.0;2022
BARRANCA DE UPIA;28.0;117.0;2023
BARRANCA DE UPIA;28.0;108.0;2024
BARRANCA DE UPIA;28.0;99.0;2025
BARRANCABERMEJA;29.0;4650.8;2015
BARRANCABERMEJA;29.0;1192.2;2016
BARRANCABERMEJA;29.0;31499.97;2017
BARRANCABERMEJA;29.0;60677.95;2019
BARRANCABERMEJA;29.0;45538.5;2020
BARRANCABERMEJA;29.0;68490.593;2021
BARRANCABERMEJA;29.0;79540.234;2022
BARRANCABERMEJA;29.0;90589.876;2023
BARRANCABERMEJA;29.0;101639.517;2024
BARRANCABERMEJA;29.0;112689.158;2025
BARRANQUILLA;30.0;15449.5;2015
BARRANQUILLA;30.0;141478.65;2016
BARRANQUILLA;30.0;82071.84;2017
BARRANQUILLA;30.0;15475.93;2019
BARRANQUILLA;30.0;16123.78;2020
BARRANQUILLA;30.0;11988.569;2021
BARRANQUILLA;30.0;285.41;2022
BARRANQUILLA;30.0;40410.526;2023
BARRANQUILLA;30.0;40410.526;2024
BARRANQUILLA;30.0;7864.599;2025
BELALCAZAR;31.0;2.5;2017
BELALCAZAR;31.0;2.5;2021
BELALCAZAR;31.0;2.5;2022
BELALCAZAR;31.0;2.5;2023
BELALCAZAR;31.0;2.5;2024
BELALCAZAR;31.0;2.5;2025
BELEN DE UMBRIA;32.0;0.0;2019
BELEN DE UMBRIA;32.0;0.0;2021
BELEN DE UMBRIA;32.0;0.0;2022
BELEN DE UMBRIA;32.0;0.0;2023
BELEN DE UMBRIA;32.0;0.0;2024
BELEN DE UMBRIA;32.0;0.0;2025
BELLO;33.0;8698.9;2015
BELLO;33.0;7542.7;2016
BELLO;33.0;9902.35;2017
BELLO;33.0;2526.75;2019
BELLO;33.0;70482.20000000001;2020
BELLO;33.0;51623.277;2021
BELLO;33.0;60454.582;2022
BELLO;33.0;69285.886;2023
BELLO;33.0;78117.191;2024
BELLO;33.0;86948.496;2025
BOAVITA;34.0;2.5;2019
BOAVITA;34.0;2.5;2021
BOAVITA;34.0;2.5;2022
BOAVITA;34.0;2.5;2023
BOAVITA;34.0;2.5;2024
BOAVITA;34.0;2.5;2025
BOGOTA, D.C.;35.0;465967.03;2015
BOGOTA, D.C.;35.0;621984.06;2016
BOGOTA, D.C.;35.0;2144151.48;2017
BOGOTA, D.C.;35.0;1766232.18;2019
BOGOTA, D.C.;35.0;803516.81;2020
BOGOTA, D.C.;35.0;1593282.043;2021
BOGOTA, D.C.;35.0;1713535.301;2022
BOGOTA, D.C.;35.0;1833788.56;2023
BOGOTA, D.C.;35.0;1954041.818;2024
BOGOTA, D.C.;35.0;2074295.077;2025
BOJACA;36.0;60.26;2016
BOJACA;36.0;34.6;2017
BOJACA;36.0;62.55;2019
BOJACA;36.0;45.9;2020
BOJACA;36.0;50.596;2021
BOJACA;36.0;50.519;2022
BOJACA;36.0;50.442;2023
BOJACA;36.0;50.365;2024
BOJACA;36.0;50.288;2025
BOLIVAR;37.0;324.0;2015
BOLIVAR;37.0;35.0;2016
BOLIVAR;37.0;33.0;2017
BOLIVAR;37.0;0.0;2019
BOLIVAR;37.0;2.0;2020
BOLIVAR;37.0;78.8;2021
BOLIVAR;37.0;78.8;2022
BOLIVAR;37.0;78.8;2023
BOLIVAR;37.0;9.693;2024
BOLIVAR;37.0;71.121;2025
BRICENO;38.0;3.0;2019
BRICENO;38.0;332.9;2020
BRICENO;38.0;662.8;2021
BRICENO;38.0;992.7;2022
BRICENO;38.0;1322.6;2023
BRICENO;38.0;1652.5;2024
BRICENO;38.0;1982.4;2025
BUCARAMANGA;39.0;1100.0;2015
BUCARAMANGA;39.0;3596.5;2016
BUCARAMANGA;39.0;2772.27;2017
BUCARAMANGA;39.0;7209.5;2019
BUCARAMANGA;39.0;2369.58;2020
BUCARAMANGA;39.0;5274.893;2021
BUCARAMANGA;39.0;5793.038;2022
BUCARAMANGA;39.0;6311.184;2023
BUCARAMANGA;39.0;6829.329;2024
BUCARAMANGA;39.0;7347.474;2025
BUENAVENTURA;40.0;802.6;2015
BUENAVENTURA;40.0;296.68;2016
BUENAVENTURA;40.0;915.16;2017
BUENAVENTURA;40.0;10909.1;2019
BUENAVENTURA;40.0;381.5;2020
BUENAVENTURA;40.0;5955.176;2021
BUENAVENTURA;40.0;6870.223;2022
BUENAVENTURA;40.0;7785.27;2023
BUENAVENTURA;40.0;8700.317;2024
BUENAVENTURA;40.0;9615.363;2025
BUENAVISTA;41.0;33.94;2017
BUENAVISTA;41.0;33.94;2021
BUENAVISTA;41.0;33.94;2022
BUENAVISTA;41.0;33.94;2023
BUENAVISTA;41.0;33.94;2024
BUENAVISTA;41.0;33.94;2025
BUESACO;42.0;11.4;2019
BUESACO;42.0;11.4;2021
BUESACO;42.0;11.4;2022
BUESACO;42.0;11.4;2023
BUESACO;42.0;11.4;2024
BUESACO;42.0;11.4;2025
BUGA;43.0;1646.81;2015
BUGA;43.0;1646.81;2021
BUGA;43.0;1646.81;2022
BUGA;43.0;1646.81;2023
BUGA;43.0;1646.81;2024
BUGA;43.0;1646.81;2025
BUGALAGRANDE;44.0;49.0;2015
BUGALAGRANDE;44.0;0.2;2019
BUGALAGRANDE;44.0;0.47;2020
BUGALAGRANDE;44.0;16.557;2021
BUGALAGRANDE;44.0;16.557;2022
BUGALAGRANDE;44.0;16.557;2023
BUGALAGRANDE;44.0;1.971;2024
BUGALAGRANDE;44.0;14.473;2025
CABUYARO;45.0;30.0;2015
CABUYARO;45.0;340.0;2016
CABUYARO;45.0;18.0;2017
CABUYARO;45.0;157.0;2019
CABUYARO;45.0;30.0;2020
CABUYARO;45.0;67.698;2021
CABUYARO;45.0;54.558;2022
CABUYARO;45.0;41.419;2023
CABUYARO;45.0;28.279;2024
CABUYARO;45.0;15.14;2025
CACERES;46.0;16.97;2017
CACERES;46.0;16.97;2021
CACERES;46.0;16.97;2022
CACERES;46.0;16.97;2023
CACERES;46.0;16.97;2024
CACERES;46.0;16.97;2025
CAICEDONIA;47.0;42.2;2019
CAICEDONIA;47.0;13.9;2020
CAICEDONIA;47.0;28.05;2021
CAICEDONIA;47.0;13.9;2022
CAICEDONIA;47.0;6.825;2023
CAICEDONIA;47.0;20.975;2024
CAICEDONIA;47.0;6.825;2025
CAJAMARCA;48.0;145.3;2016
CAJAMARCA;48.0;53.0;2020
CAJAMARCA;48.0;29.925;2021
CAJAMARCA;48.0;6.85;2022
CAJAMARCA;48.0;58.769;2023
CAJAMARCA;48.0;58.769;2024
CAJAMARCA;48.0;10.888;2025
CAJICA;49.0;2068.2;2015
CAJICA;49.0;2848.83;2016
CAJICA;49.0;7104.1;2017
CAJICA;49.0;5359.75;2019
CAJICA;49.0;5494.9;2020
CAJICA;49.0;6891.852;2021
CAJICA;49.0;7535.379;2022
CAJICA;49.0;8178.905;2023
CAJICA;49.0;8822.432;2024
CAJICA;49.0;9465.959;2025
CALARCA;50.0;60.0;2015
CALARCA;50.0;37.7;2016
CALARCA;50.0;50.0;2019
CALARCA;50.0;45.0;2021
CALARCA;50.0;44.023;2022
CALARCA;50.0;43.046;2023
CALARCA;50.0;42.069;2024
CALARCA;50.0;41.092;2025
CALDAS;51.0;81.0;2015
CALDAS;51.0;47.3;2016
CALDAS;51.0;137.91;2017
CALDAS;51.0;2559.4;2019
CALDAS;51.0;409.21;2020
CALDAS;51.0;1660.657;2021
CALDAS;51.0;1942.239;2022
CALDAS;51.0;2223.82;2023
CALDAS;51.0;2505.402;2024
CALDAS;51.0;2786.983;2025
CALI;52.0;23614.9;2015
CALI;52.0;30033.98;2016
CALI;52.0;49482.8;2017
CALI;52.0;52063.69;2019
CALI;52.0;38999.64;2020
CALI;52.0;52691.575;2021
CALI;52.0;56539.512;2022
CALI;52.0;60387.449;2023
CALI;52.0;64235.386;2024
CALI;52.0;68083.323;2025
CALIFORNIA;53.0;804.0;2019
CALIFORNIA;53.0;804.0;2021
CALIFORNIA;53.0;804.0;2022
CALIFORNIA;53.0;804.0;2023
CALIFORNIA;53.0;804.0;2024
CALIFORNIA;53.0;804.0;2025
CALIMA;54.0;110.0;2019
CALIMA;54.0;199.0;2020
CALIMA;54.0;288.0;2021
CALIMA;54.0;377.0;2022
CALIMA;54.0;466.0;2023
CALIMA;54.0;555.0;2024
CALIMA;54.0;644.0;2025
CALOTO;55.0;864.9;2015
CALOTO;55.0;447.8;2016
CALOTO;55.0;520.8;2017
CALOTO;55.0;992.3;2019
CALOTO;55.0;141.5;2020
CALOTO;55.0;393.488;2021
CALOTO;55.0;337.94;2022
CALOTO;55.0;282.393;2023
CALOTO;55.0;226.845;2024
CALOTO;55.0;171.297;2025
CAMPOALEGRE;56.0;66.5;2017
CAMPOALEGRE;56.0;25.0;2019
CAMPOALEGRE;56.0;59.38;2020
CAMPOALEGRE;56.0;38.63;2021
CAMPOALEGRE;56.0;33.631;2022
CAMPOALEGRE;56.0;28.633;2023
CAMPOALEGRE;56.0;23.634;2024
CAMPOALEGRE;56.0;18.636;2025
CANASGORDAS;57.0;6.21;2015
CANASGORDAS;57.0;1600.0;2017
CANASGORDAS;57.0;47.0;2019
CANASGORDAS;57.0;591.86;2021
CANASGORDAS;57.0;602.058;2022
CANASGORDAS;57.0;612.255;2023
CANASGORDAS;57.0;622.453;2024
CANASGORDAS;57.0;632.65;2025
CANDELARIA;58.0;380.0;2015
CANDELARIA;58.0;2452.1;2016
CANDELARIA;58.0;1905.15;2017
CANDELARIA;58.0;1916.0;2019
CANDELARIA;58.0;2583.1;2020
CANDELARIA;58.0;2825.687;2021
CANDELARIA;58.0;3097.47;2022
CANDELARIA;58.0;3369.252;2023
CANDELARIA;58.0;3641.035;2024
CANDELARIA;58.0;3912.817;2025
CAQUEZA;59.0;24.2;2020
CAQUEZA;59.0;24.2;2021
CAQUEZA;59.0;24.2;2022
CAQUEZA;59.0;24.2;2023
CAQUEZA;59.0;24.2;2024
CAQUEZA;59.0;24.2;2025
CARACOLI;60.0;18.4;2015
CARACOLI;60.0;7.0;2019
CARACOLI;60.0;9.0;2020
CARACOLI;60.0;4.995;2021
CARACOLI;60.0;2.838;2022
CARACOLI;60.0;0.681;2023
CARACOLI;60.0;7.152;2024
CARACOLI;60.0;0.038;2025
CAREPA;61.0;1704.0;2015
CAREPA;61.0;0.1;2016
CAREPA;61.0;1.0;2017
CAREPA;61.0;568.367;2021
CAREPA;61.0;178.524;2022
CAREPA;61.0;96.452;2023
CAREPA;61.0;14.38;2024
CAREPA;61.0;366.118;2025
CARMEN DE VIBORAL;62.0;18.0;2015
CARMEN DE VIBORAL;62.0;18.0;2021
CARMEN DE VIBORAL;62.0;18.0;2022
CARMEN DE VIBORAL;62.0;18.0;2023
CARMEN DE VIBORAL;62.0;18.0;2024
CARMEN DE VIBORAL;62.0;18.0;2025
CAROLINA;63.0;22.6;2019
CAROLINA;63.0;22.6;2021
CAROLINA;63.0;22.6;2022
CAROLINA;63.0;22.6;2023
CAROLINA;63.0;22.6;2024
CAROLINA;63.0;22.6;2025
CARTAGENA DE INDIAS;64.0;3079.0;2015
CARTAGENA DE INDIAS;64.0;96840.18;2016
CARTAGENA DE INDIAS;64.0;80557.68000000001;2017
CARTAGENA DE INDIAS;64.0;59701.4;2019
CARTAGENA DE INDIAS;64.0;206697.52;2020
CARTAGENA DE INDIAS;64.0;185182.64;2021
CARTAGENA DE INDIAS;64.0;211795.83;2022
CARTAGENA DE INDIAS;64.0;238409.02;2023
CARTAGENA DE INDIAS;64.0;265022.21;2024
CARTAGENA DE INDIAS;64.0;291635.4;2025
CARTAGO;65.0;23.5;2015
CARTAGO;65.0;52.2;2016
CARTAGO;65.0;199.9;2017
CARTAGO;65.0;2644.4;2019
CARTAGO;65.0;252.8;2020
CARTAGO;65.0;1613.86;2021
CARTAGO;65.0;1885.888;2022
CARTAGO;65.0;2157.916;2023
CARTAGO;65.0;2429.944;2024
CARTAGO;65.0;2701.972;2025
CASTILLA LA NUEVA;66.0;16.97;2017
CASTILLA LA NUEVA;66.0;16.97;2021
CASTILLA LA NUEVA;66.0;16.97;2022
CASTILLA LA NUEVA;66.0;16.97;2023
CASTILLA LA NUEVA;66.0;16.97;2024
CASTILLA LA NUEVA;66.0;16.97;2025
CAUCASIA;67.0;34.0;2015
CAUCASIA;67.0;100.0;2016
CAUCASIA;67.0;241.87;2017
CAUCASIA;67.0;4125.5;2019
CAUCASIA;67.0;1314.3;2020
CAUCASIA;67.0;3193.29;2021
CAUCASIA;67.0;3757.222;2022
CAUCASIA;67.0;4321.154;2023
CAUCASIA;67.0;4885.086;2024
CAUCASIA;67.0;5449.018;2025
CERETE;68.0;340.0;2015
CERETE;68.0;29.05;2016
CERETE;68.0;353.35;2017
CERETE;68.0;31.1;2019
CERETE;68.0;703.0;2020
CERETE;68.0;475.392;2021
CERETE;68.0;526.529;2022
CERETE;68.0;577.665;2023
CERETE;68.0;628.802;2024
CERETE;68.0;679.939;2025
CHAPARRAL;69.0;32.0;2015
CHAPARRAL;69.0;13.9;2016
CHAPARRAL;69.0;13.0;2017
CHAPARRAL;69.0;15.0;2019
CHAPARRAL;69.0;12.49;2020
CHAPARRAL;69.0;7.862;2021
CHAPARRAL;69.0;5.247;2022
CHAPARRAL;69.0;2.631;2023
CHAPARRAL;69.0;0.016;2024
CHAPARRAL;69.0;11.35;2025
CHIA;70.0;5074.26;2015
CHIA;70.0;6413.43;2016
CHIA;70.0;2705.66;2017
CHIA;70.0;2654.27;2019
CHIA;70.0;3663.49;2020
CHIA;70.0;2329.979;2021
CHIA;70.0;1837.689;2022
CHIA;70.0;1345.399;2023
CHIA;70.0;853.109;2024
CHIA;70.0;360.819;2025
CHIGORODO;71.0;39.0;2015
CHIGORODO;71.0;39.0;2021
CHIGORODO;71.0;39.0;2022
CHIGORODO;71.0;39.0;2023
CHIGORODO;71.0;39.0;2024
CHIGORODO;71.0;39.0;2025
CHINCHINA;72.0;725.06;2015
CHINCHINA;72.0;973.1;2016
CHINCHINA;72.0;331.5;2017
CHINCHINA;72.0;17.9;2019
CHINCHINA;72.0;474.9;2020
CHINCHINA;72.0;91.81;2021
CHINCHINA;72.0;435.712;2022
CHINCHINA;72.0;94.951;2023
CHINCHINA;72.0;18.005;2024
CHINCHINA;72.0;351.438;2025
CHIPAQUE;73.0;20.0;2017
CHIPAQUE;73.0;0.12;2020
CHIPAQUE;73.0;10.06;2021
CHIPAQUE;73.0;0.885;2022
CHIPAQUE;73.0;7.766;2023
CHIPAQUE;73.0;0.041;2024
CHIPAQUE;73.0;6.479;2025
CHIQUINQUIRA;74.0;97.4;2015
CHIQUINQUIRA;74.0;276.8;2016
CHIQUINQUIRA;74.0;161.2;2017
CHIQUINQUIRA;74.0;3.54;2019
CHIQUINQUIRA;74.0;141.75;2020
CHIQUINQUIRA;74.0;70.931;2021
CHIQUINQUIRA;74.0;52.818;2022
CHIQUINQUIRA;74.0;34.705;2023
CHIQUINQUIRA;74.0;16.592;2024
CHIQUINQUIRA;74.0;95.082;2025
CHITA;75.0;6.0;2019
CHITA;75.0;6.0;2021
CHITA;75.0;6.0;2022
CHITA;75.0;6.0;2023
CHITA;75.0;6.0;2024
CHITA;75.0;6.0;2025
CHOCONTA;76.0;2.2;2015
CHOCONTA;76.0;2.2;2021
CHOCONTA;76.0;2.2;2022
CHOCONTA;76.0;2.2;2023
CHOCONTA;76.0;2.2;2024
CHOCONTA;76.0;2.2;2025
CIENAGA;77.0;280.0;2015
CIENAGA;77.0;124.0;2016
CIENAGA;77.0;25.0;2017
CIENAGA;77.0;2370.0;2019
CIENAGA;77.0;3439.8;2020
CIENAGA;77.0;3734.247;2021
CIENAGA;77.0;4424.937;2022
CIENAGA;77.0;5115.628;2023
CIENAGA;77.0;5806.319;2024
CIENAGA;77.0;6497.01;2025
CIENAGA DE ORO;78.0;21.97;2017
CIENAGA DE ORO;78.0;282.6;2019
CIENAGA DE ORO;78.0;474.0;2020
CIENAGA DE ORO;78.0;604.315;2021
CIENAGA DE ORO;78.0;752.083;2022
CIENAGA DE ORO;78.0;899.851;2023
CIENAGA DE ORO;78.0;1047.619;2024
CIENAGA DE ORO;78.0;1195.387;2025
CIMITARRA;79.0;97.0;2015
CIMITARRA;79.0;22.7;2016
CIMITARRA;79.0;622.55;2017
CIMITARRA;79.0;28.3;2019
CIMITARRA;79.0;21.55;2020
CIMITARRA;79.0;72.127;2021
CIMITARRA;79.0;48.157;2022
CIMITARRA;79.0;24.186;2023
CIMITARRA;79.0;0.216;2024
CIMITARRA;79.0;104.087;2025
CISNEROS;80.0;61.0;2015
CISNEROS;80.0;599.2;2019
CISNEROS;80.0;2.1;2020
CISNEROS;80.0;310.852;2021
CISNEROS;80.0;340.881;2022
CISNEROS;80.0;370.909;2023
CISNEROS;80.0;400.938;2024
CISNEROS;80.0;430.966;2025
CLEMENCIA;81.0;170.0;2019
CLEMENCIA;81.0;121.0;2020
CLEMENCIA;81.0;72.0;2021
CLEMENCIA;81.0;23.0;2022
CLEMENCIA;81.0;96.5;2023
CLEMENCIA;81.0;23.0;2024
CLEMENCIA;81.0;84.25;2025
COELLO;82.0;29.7;2017
COELLO;82.0;13.0;2019
COELLO;82.0;21.35;2021
COELLO;82.0;15.087;2022
COELLO;82.0;13.0;2023
COELLO;82.0;10.912;2024
COELLO;82.0;8.825;2025
COGUA;83.0;7.0;2015
COGUA;83.0;280.0;2016
COGUA;83.0;381.5;2019
COGUA;83.0;295.0;2020
COGUA;83.0;420.456;2021
COGUA;83.0;471.765;2022
COGUA;83.0;523.074;2023
COGUA;83.0;574.383;2024
COGUA;83.0;625.692;2025
COLOMBIA;84.0;0.5;2017
COLOMBIA;84.0;8.0;2019
COLOMBIA;84.0;15.5;2021
COLOMBIA;84.0;19.25;2022
COLOMBIA;84.0;23.0;2023
COLOMBIA;84.0;26.75;2024
COLOMBIA;84.0;30.5;2025
COPACABANA;85.0;6122.509999999999;2015
COPACABANA;85.0;9530.2;2016
COPACABANA;85.0;7231.17;2017
COPACABANA;85.0;7181.900000000001;2019
COPACABANA;85.0;2344.5;2020
COPACABANA;85.0;3689.538;2021
COPACABANA;85.0;2913.838;2022
COPACABANA;85.0;2138.139;2023
COPACABANA;85.0;1362.439;2024
COPACABANA;85.0;586.74;2025
CORDOBA;86.0;54.0;2017
CORDOBA;86.0;54.0;2021
CORDOBA;86.0;54.0;2022
CORDOBA;86.0;54.0;2023
CORDOBA;86.0;54.0;2024
CORDOBA;86.0;54.0;2025
COROZAL;87.0;285.97;2017
COROZAL;87.0;285.97;2021
COROZAL;87.0;285.97;2022
COROZAL;87.0;285.97;2023
COROZAL;87.0;285.97;2024
COROZAL;87.0;285.97;2025
COTA;88.0;7279.15;2015
COTA;88.0;6072.02;2016
COTA;88.0;10090.6;2017
COTA;88.0;13315.79;2019
COTA;88.0;13667.28;2020
COTA;88.0;15701.212;2021
COTA;88.0;17261.28;2022
COTA;88.0;18821.347;2023
COTA;88.0;20381.415;2024
COTA;88.0;21941.483;2025
CUCUNUBA;89.0;0.0;2019
CUCUNUBA;89.0;0.0;2021
CUCUNUBA;89.0;0.0;2022
CUCUNUBA;89.0;0.0;2023
CUCUNUBA;89.0;0.0;2024
CUCUNUBA;89.0;0.0;2025
CUCUTA;90.0;105.3;2015
CUCUTA;90.0;358.53;2016
CUCUTA;90.0;5625.3;2017
CUCUTA;90.0;10070.84;2019
CUCUTA;90.0;47518.1;2020
CUCUTA;90.0;41337.953;2021
CUCUTA;90.0;49283.047;2022
CUCUTA;90.0;57228.141;2023
CUCUTA;90.0;65173.235;2024
CUCUTA;90.0;73118.329;2025
CUMBAL;91.0;8.0;2017
CUMBAL;91.0;10.2;2019
CUMBAL;91.0;57.5;2020
CUMBAL;91.0;58.6;2021
CUMBAL;91.0;72.9;2022
CUMBAL;91.0;87.2;2023
CUMBAL;91.0;101.5;2024
CUMBAL;91.0;115.8;2025
DABEIBA;92.0;69.9;2017
DABEIBA;92.0;69.9;2021
DABEIBA;92.0;69.9;2022
DABEIBA;92.0;69.9;2023
DABEIBA;92.0;69.9;2024
DABEIBA;92.0;69.9;2025
DAGUA;93.0;9.0;2015
DAGUA;93.0;1120.0;2016
DAGUA;93.0;193.0;2019
DAGUA;93.0;285.0;2021
DAGUA;93.0;249.077;2022
DAGUA;93.0;213.154;2023
DAGUA;93.0;177.231;2024
DAGUA;93.0;141.308;2025
DIBULLA;94.0;1157.0;2015
DIBULLA;94.0;1117.75;2016
DIBULLA;94.0;1018.05;2017
DIBULLA;94.0;1041.15;2019
DIBULLA;94.0;3843.66;2020
DIBULLA;94.0;3081.903;2021
DIBULLA;94.0;3483.675;2022
DIBULLA;94.0;3885.448;2023
DIBULLA;94.0;4287.22;2024
DIBULLA;94.0;4688.993;2025
DONMATIAS;95.0;14.0;2016
DONMATIAS;95.0;1319.97;2017
DONMATIAS;95.0;585.6;2019
DONMATIAS;95.0;108.0;2020
DONMATIAS;95.0;342.981;2021
DONMATIAS;95.0;288.344;2022
DONMATIAS;95.0;233.707;2023
DONMATIAS;95.0;179.07;2024
DONMATIAS;95.0;124.433;2025
DOS QUEBRADAS;96.0;4293.99;2015
DOS QUEBRADAS;96.0;4293.99;2021
DOS QUEBRADAS;96.0;4293.99;2022
DOS QUEBRADAS;96.0;4293.99;2023
DOS QUEBRADAS;96.0;4293.99;2024
DOS QUEBRADAS;96.0;4293.99;2025
DOSQUEBRADAS;97.0;5891.7;2016
DOSQUEBRADAS;97.0;4667.07;2017
DOSQUEBRADAS;97.0;19481.66;2019
DOSQUEBRADAS;97.0;51655.82;2020
DOSQUEBRADAS;97.0;52326.911;2021
DOSQUEBRADAS;97.0;62961.194;2022
DOSQUEBRADAS;97.0;73595.477;2023
DOSQUEBRADAS;97.0;84229.76;2024
DOSQUEBRADAS;97.0;94864.043;2025
DUITAMA;98.0;19.0;2015
DUITAMA;98.0;1673.5;2016
DUITAMA;98.0;313.83;2017
DUITAMA;98.0;973.75;2019
DUITAMA;98.0;19530.45;2020
DUITAMA;98.0;14930.205;2021
DUITAMA;98.0;17826.899;2022
DUITAMA;98.0;20723.593;2023
DUITAMA;98.0;23620.287;2024
DUITAMA;98.0;26516.981;2025
EL BAGRE;99.0;5634.0;2015
EL BAGRE;99.0;503.0;2016
EL BAGRE;99.0;4591.18;2017
EL BAGRE;99.0;161.20000000000002;2019
EL BAGRE;99.0;14.2;2020
EL BAGRE;99.0;2180.716;2021
EL BAGRE;99.0;2180.716;2022
EL BAGRE;99.0;506.776;2023
EL BAGRE;99.0;128.79;2024
EL BAGRE;99.0;1766.731;2025
EL CAIRO;100.0;3.4;2019
EL CAIRO;100.0;3.4;2021
EL CAIRO;100.0;3.4;2022
EL CAIRO;100.0;3.4;2023
EL CAIRO;100.0;3.4;2024
EL CAIRO;100.0;3.4;2025
EL CARMEN DE ATRATO;101.0;5.6;2019
EL CARMEN DE ATRATO;101.0;5.6;2021
EL CARMEN DE ATRATO;101.0;5.6;2022
EL CARMEN DE ATRATO;101.0;5.6;2023
EL CARMEN DE ATRATO;101.0;5.6;2024
EL CARMEN DE ATRATO;101.0;5.6;2025
EL CARMEN DE BOLIVAR;102.0;12.0;2016
EL CARMEN DE BOLIVAR;102.0;12.0;2021
EL CARMEN DE BOLIVAR;102.0;12.0;2022
EL CARMEN DE BOLIVAR;102.0;12.0;2023
EL CARMEN DE BOLIVAR;102.0;12.0;2024
EL CARMEN DE BOLIVAR;102.0;12.0;2025
EL CARMEN DE VIBORAL;103.0;14.05;2016
EL CARMEN DE VIBORAL;103.0;83.66;2017
EL CARMEN DE VIBORAL;103.0;97.1;2020
EL CARMEN DE VIBORAL;103.0;121.62;2021
EL CARMEN DE VIBORAL;103.0;138.625;2022
EL CARMEN DE VIBORAL;103.0;155.63;2023
EL CARMEN DE VIBORAL;103.0;172.635;2024
EL CARMEN DE VIBORAL;103.0;189.64;2025
EL CERRITO;104.0;623.0;2016
EL CERRITO;104.0;100.0;2017
EL CERRITO;104.0;130.0;2020
EL CERRITO;104.0;284.333;2021
EL CERRITO;104.0;119.284;2022
EL CERRITO;104.0;72.127;2023
EL CERRITO;104.0;24.97;2024
EL CERRITO;104.0;193.388;2025
EL PASO;105.0;20.0;2015
EL PASO;105.0;0.0;2016
EL PASO;105.0;2.0;2017
EL PASO;105.0;6493.6;2019
EL PASO;105.0;10272.4;2020
EL PASO;105.0;11112.084;2021
EL PASO;105.0;13266.107;2022
EL PASO;105.0;15420.13;2023
EL PASO;105.0;17574.153;2024
EL PASO;105.0;19728.177;2025
EL PLAYON;106.0;78.27;2016
EL PLAYON;106.0;13.96;2017
EL PLAYON;106.0;15.0;2019
EL PLAYON;106.0;3.0;2020
EL PLAYON;106.0;27.557;2021
EL PLAYON;106.0;27.557;2022
EL PLAYON;106.0;6.2;2023
EL PLAYON;106.0;0.628;2024
EL PLAYON;106.0;21.521;2025
EL RETEN;107.0;127.0;2019
EL RETEN;107.0;181.0;2020
EL RETEN;107.0;235.0;2021
EL RETEN;107.0;289.0;2022
EL RETEN;107.0;343.0;2023
EL RETEN;107.0;397.0;2024
EL RETEN;107.0;451.0;2025
EL ROSAL;108.0;602.5;2015
EL ROSAL;108.0;225.36;2016
EL ROSAL;108.0;181.4;2017
EL ROSAL;108.0;434.7;2019
EL ROSAL;108.0;428.39;2020
EL ROSAL;108.0;369.294;2021
EL ROSAL;108.0;367.856;2022
EL ROSAL;108.0;366.418;2023
EL ROSAL;108.0;364.98;2024
EL ROSAL;108.0;363.542;2025
EL SANTUARIO;109.0;24.6;2017
EL SANTUARIO;109.0;227.0;2019
EL SANTUARIO;109.0;2600.0;2020
EL SANTUARIO;109.0;2701.2;2021
EL SANTUARIO;109.0;3451.486;2022
EL SANTUARIO;109.0;4201.772;2023
EL SANTUARIO;109.0;4952.058;2024
EL SANTUARIO;109.0;5702.344;2025
EL TAMBO;110.0;12.0;2017
EL TAMBO;110.0;12.0;2021
EL TAMBO;110.0;12.0;2022
EL TAMBO;110.0;12.0;2023
EL TAMBO;110.0;12.0;2024
EL TAMBO;110.0;12.0;2025
EL TARRA;111.0;32.0;2015
EL TARRA;111.0;12.0;2016
EL TARRA;111.0;12.0;2017
EL TARRA;111.0;18.667;2021
EL TARRA;111.0;14.089;2022
EL TARRA;111.0;13.125;2023
EL TARRA;111.0;12.161;2024
EL TARRA;111.0;11.197;2025
ENTRERRIOS;112.0;19.0;2015
ENTRERRIOS;112.0;7.7;2016
ENTRERRIOS;112.0;25.77;2017
ENTRERRIOS;112.0;108.1;2019
ENTRERRIOS;112.0;43.0;2020
ENTRERRIOS;112.0;86.357;2021
ENTRERRIOS;112.0;99.036;2022
ENTRERRIOS;112.0;111.714;2023
ENTRERRIOS;112.0;124.393;2024
ENTRERRIOS;112.0;137.072;2025
ENVIGADO;113.0;209.2;2015
ENVIGADO;113.0;7071.2;2016
ENVIGADO;113.0;10582.6;2017
ENVIGADO;113.0;4456.41;2019
ENVIGADO;113.0;16574.1;2020
ENVIGADO;113.0;15227.377;2021
ENVIGADO;113.0;17296.454;2022
ENVIGADO;113.0;19365.53;2023
ENVIGADO;113.0;21434.607;2024
ENVIGADO;113.0;23503.683;2025
ESPINAL;114.0;38.0;2015
ESPINAL;114.0;236.63;2016
ESPINAL;114.0;1287.47;2017
ESPINAL;114.0;3951.68;2019
ESPINAL;114.0;577.2;2020
ESPINAL;114.0;2659.439;2021
ESPINAL;114.0;3059.784;2022
ESPINAL;114.0;3460.129;2023
ESPINAL;114.0;3860.474;2024
ESPINAL;114.0;4260.819;2025
FACATATIVA;115.0;2750.8;2015
FACATATIVA;115.0;824.26;2016
FACATATIVA;115.0;2645.52;2017
FACATATIVA;115.0;1920.71;2019
FACATATIVA;115.0;2180.05;2020
FACATATIVA;115.0;2049.025;2021
FACATATIVA;115.0;2044.791;2022
FACATATIVA;115.0;2040.557;2023
FACATATIVA;115.0;2036.323;2024
FACATATIVA;115.0;2032.089;2025
FALAN;116.0;5.2;2020
FALAN;116.0;5.2;2021
FALAN;116.0;5.2;2022
FALAN;116.0;5.2;2023
FALAN;116.0;5.2;2024
FALAN;116.0;5.2;2025
FIRAVITOBA;117.0;44.7;2019
FIRAVITOBA;117.0;27.5;2020
FIRAVITOBA;117.0;10.3;2021
FIRAVITOBA;117.0;27.5;2022
FIRAVITOBA;117.0;10.3;2023
FIRAVITOBA;117.0;3.42;2024
FIRAVITOBA;117.0;20.62;2025
FLANDES;118.0;0.0;2015
FLANDES;118.0;0.0;2021
FLANDES;118.0;0.0;2022
FLANDES;118.0;0.0;2023
FLANDES;118.0;0.0;2024
FLANDES;118.0;0.0;2025
FLORENCIA;119.0;135.2;2017
FLORENCIA;119.0;185.0;2019
FLORENCIA;119.0;460.4;2020
FLORENCIA;119.0;485.3;2021
FLORENCIA;119.0;581.771;2022
FLORENCIA;119.0;678.243;2023
FLORENCIA;119.0;774.714;2024
FLORENCIA;119.0;871.186;2025
FLORIDA;120.0;360.0;2017
FLORIDA;120.0;526.3;2019
FLORIDA;120.0;11.4;2020
FLORIDA;120.0;94.55;2021
FLORIDA;120.0;6.829;2022
FLORIDA;120.0;199.816;2023
FLORIDA;120.0;199.816;2024
FLORIDA;120.0;45.513;2025
FLORIDABLANCA;121.0;136.0;2015
FLORIDABLANCA;121.0;509.1;2016
FLORIDABLANCA;121.0;438.5;2017
FLORIDABLANCA;121.0;963.93;2019
FLORIDABLANCA;121.0;427.0;2020
FLORIDABLANCA;121.0;795.872;2021
FLORIDABLANCA;121.0;879.474;2022
FLORIDABLANCA;121.0;963.075;2023
FLORIDABLANCA;121.0;1046.677;2024
FLORIDABLANCA;121.0;1130.279;2025
FONSECA;122.0;11.9;2016
FONSECA;122.0;65.22;2017
FONSECA;122.0;262.5;2019
FONSECA;122.0;7.5;2020
FONSECA;122.0;143.324;2021
FONSECA;122.0;162.172;2022
FONSECA;122.0;181.02;2023
FONSECA;122.0;199.868;2024
FONSECA;122.0;218.716;2025
FRESNO;123.0;48.9;2015
FRESNO;123.0;73.0;2016
FRESNO;123.0;146.68;2017
FRESNO;123.0;333.977;2021
FRESNO;123.0;382.867;2022
FRESNO;123.0;431.757;2023
FRESNO;123.0;480.647;2024
FRESNO;123.0;529.537;2025
FRONTINO;124.0;4.0;2015
FRONTINO;124.0;4.0;2021
FRONTINO;124.0;4.0;2022
FRONTINO;124.0;4.0;2023
FRONTINO;124.0;4.0;2024
FRONTINO;124.0;4.0;2025
FUNES;125.0;2.0;2017
FUNES;125.0;2.0;2021
FUNES;125.0;2.0;2022
FUNES;125.0;2.0;2023
FUNES;125.0;2.0;2024
FUNES;125.0;2.0;2025
FUNZA;126.0;10688.32;2015
FUNZA;126.0;17556.11;2016
FUNZA;126.0;21737.03;2017
FUNZA;126.0;7712.99;2019
FUNZA;126.0;111121.66;2020
FUNZA;126.0;84483.824;2021
FUNZA;126.0;98572.88;2022
FUNZA;126.0;112661.936;2023
FUNZA;126.0;126750.992;2024
FUNZA;126.0;140840.048;2025
FUQUENE;127.0;129.0;2019
FUQUENE;127.0;60.0;2020
FUQUENE;127.0;94.5;2021
FUQUENE;127.0;60.0;2022
FUQUENE;127.0;42.75;2023
FUQUENE;127.0;25.5;2024
FUQUENE;127.0;8.25;2025
FUSAGASUGA;128.0;282.54;2015
FUSAGASUGA;128.0;824.7;2016
FUSAGASUGA;128.0;288.49;2017
FUSAGASUGA;128.0;486.69;2019
FUSAGASUGA;128.0;372.7;2020
FUSAGASUGA;128.0;409.091;2021
FUSAGASUGA;128.0;397.443;2022
FUSAGASUGA;128.0;385.795;2023
FUSAGASUGA;128.0;374.147;2024
FUSAGASUGA;128.0;362.499;2025
GACHANCIPA;129.0;40.0;2015
GACHANCIPA;129.0;27.0;2017
GACHANCIPA;129.0;23.1;2020
GACHANCIPA;129.0;18.242;2021
GACHANCIPA;129.0;15.026;2022
GACHANCIPA;129.0;11.81;2023
GACHANCIPA;129.0;8.594;2024
GACHANCIPA;129.0;5.378;2025
GALAPA;130.0;70.0;2015
GALAPA;130.0;1408.7;2016
GALAPA;130.0;1453.4;2017
GALAPA;130.0;4040.75;2019
GALAPA;130.0;5744.7;2020
GALAPA;130.0;6453.252;2021
GALAPA;130.0;7539.292;2022
GALAPA;130.0;8625.331;2023
GALAPA;130.0;9711.371;2024
GALAPA;130.0;10797.41;2025
GALERAS;131.0;16.97;2017
GALERAS;131.0;16.97;2021
GALERAS;131.0;16.97;2022
GALERAS;131.0;16.97;2023
GALERAS;131.0;16.97;2024
GALERAS;131.0;16.97;2025
GARAGOA;132.0;16.0;2015
GARAGOA;132.0;6.4;2017
GARAGOA;132.0;1.0;2019
GARAGOA;132.0;27.0;2020
GARAGOA;132.0;15.508;2021
GARAGOA;132.0;16.403;2022
GARAGOA;132.0;17.298;2023
GARAGOA;132.0;18.193;2024
GARAGOA;132.0;19.088;2025
GARZON;133.0;390.0;2016
GARZON;133.0;38.75;2017
GARZON;133.0;56.1;2019
GARZON;133.0;138.6;2020
GARZON;133.0;10.227;2021
GARZON;133.0;126.735;2022
GARZON;133.0;7.453;2023
GARZON;133.0;109.695;2024
GARZON;133.0;4.69;2025
GIGANTE;134.0;31.0;2019
GIGANTE;134.0;2.0;2020
GIGANTE;134.0;16.5;2021
GIGANTE;134.0;2.0;2022
GIGANTE;134.0;12.875;2023
GIGANTE;134.0;2.0;2024
GIGANTE;134.0;11.062;2025
GINEBRA;135.0;75.6;2015
GINEBRA;135.0;142.5;2016
GINEBRA;135.0;106.5;2017
GINEBRA;135.0;352.9;2019
GINEBRA;135.0;297.6;2020
GINEBRA;135.0;386.502;2021
GINEBRA;135.0;439.692;2022
GINEBRA;135.0;492.881;2023
GINEBRA;135.0;546.071;2024
GINEBRA;135.0;599.26;2025
GIRARDOT;136.0;1540.52;2015
GIRARDOT;136.0;1307.56;2016
GIRARDOT;136.0;967.52;2017
GIRARDOT;136.0;1087.6;2019
GIRARDOT;136.0;652.1;2020
GIRARDOT;136.0;592.153;2021
GIRARDOT;136.0;448.013;2022
GIRARDOT;136.0;303.872;2023
GIRARDOT;136.0;159.731;2024
GIRARDOT;136.0;15.59;2025
GIRARDOTA;137.0;934.07;2015
GIRARDOTA;137.0;1808.22;2016
GIRARDOTA;137.0;823.57;2017
GIRARDOTA;137.0;4310.7;2019
GIRARDOTA;137.0;2145.8;2020
GIRARDOTA;137.0;3547.762;2021
GIRARDOTA;137.0;3976.454;2022
GIRARDOTA;137.0;4405.145;2023
GIRARDOTA;137.0;4833.837;2024
GIRARDOTA;137.0;5262.529;2025
GIRON;138.0;3284.26;2015
GIRON;138.0;5034.19;2016
GIRON;138.0;3612.91;2017
GIRON;138.0;1167.35;2019
GIRON;138.0;871.9;2020
GIRON;138.0;232.146;2021
GIRON;138.0;2367.126;2022
GIRON;138.0;251.643;2023
GIRON;138.0;2102.691;2024
GIRON;138.0;227.759;2025
GOMEZ PLATA;139.0;17.5;2017
GOMEZ PLATA;139.0;31.9;2019
GOMEZ PLATA;139.0;41.8;2020
GOMEZ PLATA;139.0;49.0;2021
GOMEZ PLATA;139.0;56.971;2022
GOMEZ PLATA;139.0;64.943;2023
GOMEZ PLATA;139.0;72.914;2024
GOMEZ PLATA;139.0;80.886;2025
GRANADA;140.0;6.19;2016
GRANADA;140.0;30.35;2019
GRANADA;140.0;1.0;2020
GRANADA;140.0;14.808;2021
GRANADA;140.0;15.668;2022
GRANADA;140.0;16.529;2023
GRANADA;140.0;17.389;2024
GRANADA;140.0;18.25;2025
GUACARI;141.0;100.0;2015
GUACARI;141.0;834.0;2016
GUACARI;141.0;72.62;2017
GUACARI;141.0;92.06;2019
GUACARI;141.0;329.02;2020
GUACARI;141.0;194.724;2021
GUACARI;141.0;169.497;2022
GUACARI;141.0;144.27;2023
GUACARI;141.0;119.043;2024
GUACARI;141.0;93.817;2025
GUACHENE;142.0;3607.4;2015
GUACHENE;142.0;1561.0;2016
GUACHENE;142.0;647.0;2017
GUACHENE;142.0;448.0;2019
GUACHENE;142.0;12.0;2020
GUACHENE;142.0;1255.08;2021
GUACHENE;142.0;1255.08;2022
GUACHENE;142.0;155.858;2023
GUACHENE;142.0;1117.677;2024
GUACHENE;142.0;143.447;2025
GUADALAJARA DE BUGA;143.0;1989.93;2016
GUADALAJARA DE BUGA;143.0;761.42;2017
GUADALAJARA DE BUGA;143.0;3284.25;2019
GUADALAJARA DE BUGA;143.0;13190.08;2020
GUADALAJARA DE BUGA;143.0;12283.359;2021
GUADALAJARA DE BUGA;143.0;14775.672;2022
GUADALAJARA DE BUGA;143.0;17267.985;2023
GUADALAJARA DE BUGA;143.0;19760.298;2024
GUADALAJARA DE BUGA;143.0;22252.611;2025
GUADALUPE;144.0;19.0;2017
GUADALUPE;144.0;109.2;2019
GUADALUPE;144.0;22.2;2020
GUADALUPE;144.0;67.3;2021
GUADALUPE;144.0;74.657;2022
GUADALUPE;144.0;82.014;2023
GUADALUPE;144.0;89.371;2024
GUADALUPE;144.0;96.728;2025
GUADUAS;145.0;22.0;2015
GUADUAS;145.0;6.0;2016
GUADUAS;145.0;51.0;2017
GUADUAS;145.0;11362.2;2019
GUADUAS;145.0;617.0;2020
GUADUAS;145.0;6535.34;2021
GUADUAS;145.0;7680.812;2022
GUADUAS;145.0;8826.284;2023
GUADUAS;145.0;9971.756;2024
GUADUAS;145.0;11117.228;2025
GUAMO;146.0;14.0;2017
GUAMO;146.0;14.0;2021
GUAMO;146.0;14.0;2022
GUAMO;146.0;14.0;2023
GUAMO;146.0;14.0;2024
GUAMO;146.0;14.0;2025
GUARNE;147.0;2688.4;2015
GUARNE;147.0;25276.0;2016
GUARNE;147.0;96.29;2017
GUARNE;147.0;31462.55;2019
GUARNE;147.0;21964.4;2020
GUARNE;147.0;30021.574;2021
GUARNE;147.0;33833.809;2022
GUARNE;147.0;37646.044;2023
GUARNE;147.0;41458.279;2024
GUARNE;147.0;45270.514;2025
GUASCA;148.0;156.95;2015
GUASCA;148.0;55.0;2016
GUASCA;148.0;54.0;2020
GUASCA;148.0;29.536;2021
GUASCA;148.0;14.757;2022
GUASCA;148.0;62.049;2023
GUASCA;148.0;13.818;2024
GUASCA;148.0;3.1;2025
GUATAVITA;149.0;5863.0;2015
GUATAVITA;149.0;5863.0;2021
GUATAVITA;149.0;5863.0;2022
GUATAVITA;149.0;5863.0;2023
GUATAVITA;149.0;5863.0;2024
GUATAVITA;149.0;5863.0;2025
GUATEQUE;150.0;10.0;2015
GUATEQUE;150.0;259.6;2016
GUATEQUE;150.0;124.15;2017
GUATEQUE;150.0;3.0;2019
GUATEQUE;150.0;55.0;2020
GUATEQUE;150.0;29.799;2021
GUATEQUE;150.0;12.979;2022
GUATEQUE;150.0;70.647;2023
GUATEQUE;150.0;12.551;2024
GUATEQUE;150.0;0.634;2025
GUAYABETAL;151.0;4.7;2020
GUAYABETAL;151.0;4.7;2021
GUAYABETAL;151.0;4.7;2022
GUAYABETAL;151.0;4.7;2023
GUAYABETAL;151.0;4.7;2024
GUAYABETAL;151.0;4.7;2025
HERVEO;152.0;7.1;2015
HERVEO;152.0;0.0;2016
HERVEO;152.0;216.7;2017
HERVEO;152.0;598.6;2021
HERVEO;152.0;703.4;2022
HERVEO;152.0;808.2;2023
HERVEO;152.0;913.0;2024
HERVEO;152.0;1017.8;2025
HONDA;153.0;50.91;2017
HONDA;153.0;16.5;2020
HONDA;153.0;5.03;2021
HONDA;153.0;24.147;2022
HONDA;153.0;2.845;2023
HONDA;153.0;19.886;2024
HONDA;153.0;1.172;2025
IBAGUE;154.0;1922.9;2015
IBAGUE;154.0;1895.0;2016
IBAGUE;154.0;5290.64;2017
IBAGUE;154.0;5029.54;2019
IBAGUE;154.0;5151.84;2020
IBAGUE;154.0;6381.716;2021
IBAGUE;154.0;7082.753;2022
IBAGUE;154.0;7783.79;2023
IBAGUE;154.0;8484.827;2024
IBAGUE;154.0;9185.863;2025
INIRIDA;155.0;147.0;2017
INIRIDA;155.0;417.0;2019
INIRIDA;155.0;135.0;2020
INIRIDA;155.0;270.0;2021
INIRIDA;155.0;285.857;2022
INIRIDA;155.0;301.714;2023
INIRIDA;155.0;317.571;2024
INIRIDA;155.0;333.428;2025
IPIALES;156.0;3625.0;2015
IPIALES;156.0;5050.0;2016
IPIALES;156.0;1991.84;2017
IPIALES;156.0;187.9;2019
IPIALES;156.0;13.2;2020
IPIALES;156.0;2173.588;2021
IPIALES;156.0;2173.588;2022
IPIALES;156.0;450.352;2023
IPIALES;156.0;61.234;2024
IPIALES;156.0;1747.411;2025
ITAGUI;157.0;20608.11;2015
ITAGUI;157.0;12984.69;2016
ITAGUI;157.0;10239.09;2017
ITAGUI;157.0;19443.61;2019
ITAGUI;157.0;24272.17;2020
ITAGUI;157.0;22215.436;2021
ITAGUI;157.0;23522.631;2022
ITAGUI;157.0;24829.826;2023
ITAGUI;157.0;26137.021;2024
ITAGUI;157.0;27444.216;2025
JAMUNDI;158.0;115.0;2015
JAMUNDI;158.0;884.55;2016
JAMUNDI;158.0;429.0;2017
JAMUNDI;158.0;412.0;2019
JAMUNDI;158.0;384.2;2020
JAMUNDI;158.0;439.121;2021
JAMUNDI;158.0;437.502;2022
JAMUNDI;158.0;435.883;2023
JAMUNDI;158.0;434.264;2024
JAMUNDI;158.0;432.645;2025
JERICO;159.0;394.97;2017
JERICO;159.0;394.97;2021
JERICO;159.0;394.97;2022
JERICO;159.0;394.97;2023
JERICO;159.0;394.97;2024
JERICO;159.0;394.97;2025
LA APARTADA;160.0;16.97;2017
LA APARTADA;160.0;129.0;2019
LA APARTADA;160.0;241.03;2021
LA APARTADA;160.0;297.045;2022
LA APARTADA;160.0;353.06;2023
LA APARTADA;160.0;409.075;2024
LA APARTADA;160.0;465.09;2025
LA ARGENTINA;161.0;1.0;2019
LA ARGENTINA;161.0;1.0;2021
LA ARGENTINA;161.0;1.0;2022
LA ARGENTINA;161.0;1.0;2023
LA ARGENTINA;161.0;1.0;2024
LA ARGENTINA;161.0;1.0;2025
LA CALERA;162.0;963.71;2015
LA CALERA;162.0;3266.0;2016
LA CALERA;162.0;1354.0;2017
LA CALERA;162.0;1989.5;2019
LA CALERA;162.0;1515.5;2020
LA CALERA;162.0;1754.239;2021
LA CALERA;162.0;1736.599;2022
LA CALERA;162.0;1718.959;2023
LA CALERA;162.0;1701.319;2024
LA CALERA;162.0;1683.679;2025
LA CAPILLA;163.0;13.5;2019
LA CAPILLA;163.0;7.0;2020
LA CAPILLA;163.0;0.5;2021
LA CAPILLA;163.0;7.0;2022
LA CAPILLA;163.0;0.5;2023
LA CAPILLA;163.0;5.7;2024
LA CAPILLA;163.0;0.5;2025
LA CEJA;164.0;126.0;2015
LA CEJA;164.0;138.0;2016
LA CEJA;164.0;392.6;2019
LA CEJA;164.0;538.6;2020
LA CEJA;164.0;589.794;2021
LA CEJA;164.0;672.935;2022
LA CEJA;164.0;756.076;2023
LA CEJA;164.0;839.217;2024
LA CEJA;164.0;922.358;2025
LA CUMBRE;165.0;100.0;2017
LA CUMBRE;165.0;100.0;2021
LA CUMBRE;165.0;100.0;2022
LA CUMBRE;165.0;100.0;2023
LA CUMBRE;165.0;100.0;2024
LA CUMBRE;165.0;100.0;2025
LA DORADA;166.0;96.0;2015
LA DORADA;166.0;53.0;2016
LA DORADA;166.0;408.0;2017
LA DORADA;166.0;45.0;2019
LA DORADA;166.0;7.55;2020
LA DORADA;166.0;43.177;2021
LA DORADA;166.0;21.307;2022
LA DORADA;166.0;96.291;2023
LA DORADA;166.0;20.75;2024
LA DORADA;166.0;5.254;2025
LA ESTRELLA;167.0;1018.0;2015
LA ESTRELLA;167.0;3112.2200000000003;2016
LA ESTRELLA;167.0;4010.47;2017
LA ESTRELLA;167.0;3294.61;2019
LA ESTRELLA;167.0;1514.0;2020
LA ESTRELLA;167.0;2757.988;2021
LA ESTRELLA;167.0;2804.69;2022
LA ESTRELLA;167.0;2851.393;2023
LA ESTRELLA;167.0;2898.095;2024
LA ESTRELLA;167.0;2944.797;2025
LA GLORIA;168.0;23.0;2015
LA GLORIA;168.0;42.0;2016
LA GLORIA;168.0;143.0;2017
LA GLORIA;168.0;208.0;2019
LA GLORIA;168.0;399.0;2020
LA GLORIA;168.0;413.953;2021
LA GLORIA;168.0;483.663;2022
LA GLORIA;168.0;553.372;2023
LA GLORIA;168.0;623.081;2024
LA GLORIA;168.0;692.79;2025
LA JAGUA DE IBIRICO;169.0;5.0;2017
LA JAGUA DE IBIRICO;169.0;8.7;2020
LA JAGUA DE IBIRICO;169.0;9.933;2021
LA JAGUA DE IBIRICO;169.0;11.166;2022
LA JAGUA DE IBIRICO;169.0;12.399;2023
LA JAGUA DE IBIRICO;169.0;13.632;2024
LA JAGUA DE IBIRICO;169.0;14.865;2025
LA MESA;170.0;3.99;2015
LA MESA;170.0;2.0;2016
LA MESA;170.0;0.37;2017
LA MESA;170.0;3.14;2019
LA MESA;170.0;1.12;2020
LA MESA;170.0;1.164;2021
LA MESA;170.0;0.897;2022
LA MESA;170.0;0.63;2023
LA MESA;170.0;0.363;2024
LA MESA;170.0;0.097;2025
LA PINTADA;171.0;10.0;2015
LA PINTADA;171.0;9.6;2016
LA PINTADA;171.0;7.6;2021
LA PINTADA;171.0;7.2;2022
LA PINTADA;171.0;6.8;2023
LA PINTADA;171.0;6.4;2024
LA PINTADA;171.0;6.0;2025
LA PLATA;172.0;5.0;2016
LA PLATA;172.0;39.1;2017
LA PLATA;172.0;590.0;2019
LA PLATA;172.0;281.0;2020
LA PLATA;172.0;559.645;2021
LA PLATA;172.0;669.935;2022
LA PLATA;172.0;780.225;2023
LA PLATA;172.0;890.515;2024
LA PLATA;172.0;1000.805;2025
LA TEBAIDA;173.0;25.48;2019
LA TEBAIDA;173.0;148.0;2020
LA TEBAIDA;173.0;270.52;2021
LA TEBAIDA;173.0;393.04;2022
LA TEBAIDA;173.0;515.56;2023
LA TEBAIDA;173.0;638.08;2024
LA TEBAIDA;173.0;760.6;2025
LA UNION;174.0;90.01;2015
LA UNION;174.0;108.77;2016
LA UNION;174.0;81.57;2017
LA UNION;174.0;50.0;2019
LA UNION;174.0;52.2;2020
LA UNION;174.0;37.745;2021
LA UNION;174.0;26.977;2022
LA UNION;174.0;16.209;2023
LA UNION;174.0;5.441;2024
LA UNION;174.0;52.102;2025
LA VICTORIA;175.0;16.97;2017
LA VICTORIA;175.0;16.97;2021
LA VICTORIA;175.0;16.97;2022
LA VICTORIA;175.0;16.97;2023
LA VICTORIA;175.0;16.97;2024
LA VICTORIA;175.0;16.97;2025
LA VIRGINIA;176.0;10.0;2015
LA VIRGINIA;176.0;10.0;2016
LA VIRGINIA;176.0;105.41;2017
LA VIRGINIA;176.0;41.6;2019
LA VIRGINIA;176.0;4.0;2020
LA VIRGINIA;176.0;33.531;2021
LA VIRGINIA;176.0;33.345;2022
LA VIRGINIA;176.0;33.159;2023
LA VIRGINIA;176.0;32.972;2024
LA VIRGINIA;176.0;32.786;2025
LEBRIJA;177.0;19.8;2015
LEBRIJA;177.0;3.0;2016
LEBRIJA;177.0;4.0;2019
LEBRIJA;177.0;123.0;2020
LEBRIJA;177.0;90.876;2021
LEBRIJA;177.0;106.141;2022
LEBRIJA;177.0;121.406;2023
LEBRIJA;177.0;136.67;2024
LEBRIJA;177.0;151.935;2025
LENGUAZAQUE;178.0;925.0;2016
LENGUAZAQUE;178.0;230.0;2017
LENGUAZAQUE;178.0;3.0;2019
LENGUAZAQUE;178.0;386.0;2021
LENGUAZAQUE;178.0;54.22;2022
LENGUAZAQUE;178.0;319.644;2023
LENGUAZAQUE;178.0;66.217;2024
LENGUAZAQUE;178.0;7.734;2025
LERIDA;179.0;1.5;2017
LERIDA;179.0;1.5;2021
LERIDA;179.0;1.5;2022
LERIDA;179.0;1.5;2023
LERIDA;179.0;1.5;2024
LERIDA;179.0;1.5;2025
LETICIA;180.0;470.0;2015
LETICIA;180.0;64.99;2017
LETICIA;180.0;51.1;2019
LETICIA;180.0;195.363;2021
LETICIA;180.0;27.803;2022
LETICIA;180.0;161.851;2023
LETICIA;180.0;31.683;2024
LETICIA;180.0;2.757;2025
LIBANO;181.0;16.97;2017
LIBANO;181.0;16.97;2021
LIBANO;181.0;16.97;2022
LIBANO;181.0;16.97;2023
LIBANO;181.0;16.97;2024
LIBANO;181.0;16.97;2025
LORICA;182.0;16.97;2017
LORICA;182.0;16.97;2021
LORICA;182.0;16.97;2022
LORICA;182.0;16.97;2023
LORICA;182.0;16.97;2024
LORICA;182.0;16.97;2025
LOS PATIOS;183.0;80.9;2017
LOS PATIOS;183.0;80.9;2021
LOS PATIOS;183.0;80.9;2022
LOS PATIOS;183.0;80.9;2023
LOS PATIOS;183.0;80.9;2024
LOS PATIOS;183.0;80.9;2025
LURUACO;184.0;16.97;2017
LURUACO;184.0;16.97;2021
LURUACO;184.0;16.97;2022
LURUACO;184.0;16.97;2023
LURUACO;184.0;16.97;2024
LURUACO;184.0;16.97;2025
MACANAL;185.0;17.0;2016
MACANAL;185.0;17.0;2021
MACANAL;185.0;17.0;2022
MACANAL;185.0;17.0;2023
MACANAL;185.0;17.0;2024
MACANAL;185.0;17.0;2025
MACEO;186.0;16.97;2017
MACEO;186.0;16.97;2021
MACEO;186.0;16.97;2022
MACEO;186.0;16.97;2023
MACEO;186.0;16.97;2024
MACEO;186.0;16.97;2025
MADRID;187.0;54970.0;2015
MADRID;187.0;1130.06;2016
MADRID;187.0;2575.77;2017
MADRID;187.0;9028.6;2019
MADRID;187.0;655.6;2020
MADRID;187.0;13672.006;2021
MADRID;187.0;13672.006;2022
MADRID;187.0;1103.197;2023
MADRID;187.0;12100.905;2024
MADRID;187.0;961.291;2025
MAGANGUE;188.0;50.91;2017
MAGANGUE;188.0;50.91;2021
MAGANGUE;188.0;50.91;2022
MAGANGUE;188.0;50.91;2023
MAGANGUE;188.0;50.91;2024
MAGANGUE;188.0;50.91;2025
MAHATES;189.0;34.0;2015
MAHATES;189.0;34.0;2021
MAHATES;189.0;34.0;2022
MAHATES;189.0;34.0;2023
MAHATES;189.0;34.0;2024
MAHATES;189.0;34.0;2025
MAICAO;190.0;70.0;2020
MAICAO;190.0;70.0;2021
MAICAO;190.0;70.0;2022
MAICAO;190.0;70.0;2023
MAICAO;190.0;70.0;2024
MAICAO;190.0;70.0;2025
MALAGA;191.0;31.2;2019
MALAGA;191.0;31.2;2021
MALAGA;191.0;31.2;2022
MALAGA;191.0;31.2;2023
MALAGA;191.0;31.2;2024
MALAGA;191.0;31.2;2025
MALAMBO;192.0;1413.07;2015
MALAMBO;192.0;4844.9;2016
MALAMBO;192.0;2065.93;2017
MALAMBO;192.0;8899.96;2019
MALAMBO;192.0;4379.4;2020
MALAMBO;192.0;7381.861;2021
MALAMBO;192.0;8232.197;2022
MALAMBO;192.0;9082.533;2023
MALAMBO;192.0;9932.869;2024
MALAMBO;192.0;10783.205;2025
MANAURE;193.0;490.0;2020
MANAURE;193.0;490.0;2021
MANAURE;193.0;490.0;2022
MANAURE;193.0;490.0;2023
MANAURE;193.0;490.0;2024
MANAURE;193.0;490.0;2025
MANI;194.0;41.0;2016
MANI;194.0;16.97;2017
MANI;194.0;19.11;2019
MANI;194.0;11.5;2020
MANI;194.0;5.087;2021
MANI;194.0;18.733;2022
MANI;194.0;4.762;2023
MANI;194.0;1.117;2024
MANI;194.0;14.785;2025
MANIZALES;195.0;10853.31;2015
MANIZALES;195.0;10207.93;2016
MANIZALES;195.0;7277.97;2017
MANIZALES;195.0;22684.86;2019
MANIZALES;195.0;30177.65;2020
MANIZALES;195.0;31207.016;2021
MANIZALES;195.0;35364.425;2022
MANIZALES;195.0;39521.834;2023
MANIZALES;195.0;43679.243;2024
MANIZALES;195.0;47836.652;2025
MANZANARES;196.0;205.0;2016
MANZANARES;196.0;205.0;2021
MANZANARES;196.0;205.0;2022
MANZANARES;196.0;205.0;2023
MANZANARES;196.0;205.0;2024
MANZANARES;196.0;205.0;2025
MARIA LA BAJA;197.0;16.97;2017
MARIA LA BAJA;197.0;69.0;2019
MARIA LA BAJA;197.0;121.03;2021
MARIA LA BAJA;197.0;147.045;2022
MARIA LA BAJA;197.0;173.06;2023
MARIA LA BAJA;197.0;199.075;2024
MARIA LA BAJA;197.0;225.09;2025
MARINILLA;198.0;350.0;2015
MARINILLA;198.0;183.0;2016
MARINILLA;198.0;348.0;2019
MARINILLA;198.0;2091.0;2020
MARINILLA;198.0;1690.059;2021
MARINILLA;198.0;1960.647;2022
MARINILLA;198.0;2231.235;2023
MARINILLA;198.0;2501.823;2024
MARINILLA;198.0;2772.411;2025
MARIQUITA;199.0;452.8;2015
MARIQUITA;199.0;452.8;2021
MARIQUITA;199.0;452.8;2022
MARIQUITA;199.0;452.8;2023
MARIQUITA;199.0;452.8;2024
MARIQUITA;199.0;452.8;2025
MARSELLA;200.0;11.5;2016
MARSELLA;200.0;4.5;2019
MARSELLA;200.0;8.0;2021
MARSELLA;200.0;5.237;2022
MARSELLA;200.0;4.408;2023
MARSELLA;200.0;3.579;2024
MARSELLA;200.0;2.75;2025
MEDELLIN;201.0;33471.77;2015
MEDELLIN;201.0;40018.88;2016
MEDELLIN;201.0;41584.36;2017
MEDELLIN;201.0;99552.5;2019
MEDELLIN;201.0;141710.27;2020
MEDELLIN;201.0;149701.149;2021
MEDELLIN;201.0;171488.258;2022
MEDELLIN;201.0;193275.367;2023
MEDELLIN;201.0;215062.476;2024
MEDELLIN;201.0;236849.585;2025
MELGAR;202.0;6.92;2017
MELGAR;202.0;53.2;2019
MELGAR;202.0;1.54;2020
MELGAR;202.0;24.68;2021
MELGAR;202.0;26.449;2022
MELGAR;202.0;28.217;2023
MELGAR;202.0;29.986;2024
MELGAR;202.0;31.754;2025
MIRAFLORES;203.0;3.7;2016
MIRAFLORES;203.0;3.7;2021
MIRAFLORES;203.0;3.7;2022
MIRAFLORES;203.0;3.7;2023
MIRAFLORES;203.0;3.7;2024
MIRAFLORES;203.0;3.7;2025
MIRANDA;204.0;683.5;2015
MIRANDA;204.0;957.1;2016
MIRANDA;204.0;682.0;2017
MIRANDA;204.0;90.0;2020
MIRANDA;204.0;16.264;2021
MIRANDA;204.0;485.773;2022
MIRANDA;204.0;59.397;2023
MIRANDA;204.0;424.862;2024
MIRANDA;204.0;56.588;2025
MITU;205.0;30.0;2017
MITU;205.0;76.25;2020
MITU;205.0;91.667;2021
MITU;205.0;107.084;2022
MITU;205.0;122.501;2023
MITU;205.0;137.918;2024
MITU;205.0;153.335;2025
MOCOA;206.0;104.0;2016
MOCOA;206.0;695.0;2017
MOCOA;206.0;840.75;2019
MOCOA;206.0;60.0;2020
MOCOA;206.0;442.262;2021
MOCOA;206.0;448.037;2022
MOCOA;206.0;453.812;2023
MOCOA;206.0;459.587;2024
MOCOA;206.0;465.362;2025
MONTECRISTO;207.0;16.97;2017
MONTECRISTO;207.0;16.97;2021
MONTECRISTO;207.0;16.97;2022
MONTECRISTO;207.0;16.97;2023
MONTECRISTO;207.0;16.97;2024
MONTECRISTO;207.0;16.97;2025
MONTELIBANO;208.0;925.6;2015
MONTELIBANO;208.0;1168.9;2016
MONTELIBANO;208.0;1082.57;2017
MONTELIBANO;208.0;742.0;2019
MONTELIBANO;208.0;146.85;2020
MONTELIBANO;208.0;243.48;2021
MONTELIBANO;208.0;85.229;2022
MONTELIBANO;208.0;627.804;2023
MONTELIBANO;208.0;81.197;2024
MONTELIBANO;208.0;567.07;2025
MONTENEGRO;209.0;2.0;2016
MONTENEGRO;209.0;64.0;2020
MONTENEGRO;209.0;79.5;2021
MONTENEGRO;209.0;95.0;2022
MONTENEGRO;209.0;110.5;2023
MONTENEGRO;209.0;126.0;2024
MONTENEGRO;209.0;141.5;2025
MONTERIA;210.0;764.6;2015
MONTERIA;210.0;739.4;2016
MONTERIA;210.0;3901.06;2017
MONTERIA;210.0;1246.6;2019
MONTERIA;210.0;10913.35;2020
MONTERIA;210.0;8942.021;2021
MONTERIA;210.0;10450.082;2022
MONTERIA;210.0;11958.143;2023
MONTERIA;210.0;13466.204;2024
MONTERIA;210.0;14974.265;2025
MONTERREY;211.0;16.97;2017
MONTERREY;211.0;114.0;2019
MONTERREY;211.0;10.0;2020
MONTERREY;211.0;58.515;2021
MONTERREY;211.0;63.454;2022
MONTERREY;211.0;68.393;2023
MONTERREY;211.0;73.332;2024
MONTERREY;211.0;78.271;2025
MOSQUERA;212.0;2418.43;2015
MOSQUERA;212.0;3582.76;2016
MOSQUERA;212.0;7624.6;2017
MOSQUERA;212.0;6723.95;2019
MOSQUERA;212.0;6463.0;2020
MOSQUERA;212.0;8228.354;2021
MOSQUERA;212.0;9024.411;2022
MOSQUERA;212.0;9820.468;2023
MOSQUERA;212.0;10616.525;2024
MOSQUERA;212.0;11412.582;2025
MUZO;213.0;75.0;2017
MUZO;213.0;15.0;2020
MUZO;213.0;45.0;2021
MUZO;213.0;17.308;2022
MUZO;213.0;6.923;2023
MUZO;213.0;31.846;2024
MUZO;213.0;4.476;2025
NECHI;214.0;16.97;2017
NECHI;214.0;16.97;2021
NECHI;214.0;16.97;2022
NECHI;214.0;16.97;2023
NECHI;214.0;16.97;2024
NECHI;214.0;16.97;2025
NEIRA;215.0;280.0;2017
NEIRA;215.0;280.0;2021
NEIRA;215.0;280.0;2022
NEIRA;215.0;280.0;2023
NEIRA;215.0;280.0;2024
NEIRA;215.0;280.0;2025
NEIVA;216.0;469.5;2015
NEIVA;216.0;851.0;2016
NEIVA;216.0;3432.76;2017
NEIVA;216.0;40363.9;2019
NEIVA;216.0;15796.13;2020
NEIVA;216.0;33523.306;2021
NEIVA;216.0;39451.264;2022
NEIVA;216.0;45379.222;2023
NEIVA;216.0;51307.18;2024
NEIVA;216.0;57235.138;2025
NEMOCON;217.0;19.5;2016
NEMOCON;217.0;135.0;2017
NEMOCON;217.0;29.3;2020
NEMOCON;217.0;40.446;2021
NEMOCON;217.0;34.2;2022
NEMOCON;217.0;27.954;2023
NEMOCON;217.0;21.708;2024
NEMOCON;217.0;15.462;2025
NILO;218.0;340.35;2016
NILO;218.0;255.47;2017
NILO;218.0;151.65;2019
NILO;218.0;13.0;2020
NILO;218.0;190.118;2021
NILO;218.0;40.178;2022
NILO;218.0;165.128;2023
NILO;218.0;36.503;2024
NILO;218.0;6.491;2025
NOBSA;219.0;2878.0;2015
NOBSA;219.0;2035.0;2016
NOBSA;219.0;7905.0;2017
NOBSA;219.0;5525.7;2019
NOBSA;219.0;11566.3;2020
NOBSA;219.0;11422.877;2021
NOBSA;219.0;12934.232;2022
NOBSA;219.0;14445.586;2023
NOBSA;219.0;15956.941;2024
NOBSA;219.0;17468.296;2025
NORCASIA;220.0;249.5;2015
NORCASIA;220.0;442.5;2016
NORCASIA;220.0;1259.5;2017
NORCASIA;220.0;908.4;2019
NORCASIA;220.0;1487.394;2021
NORCASIA;220.0;1669.14;2022
NORCASIA;220.0;1850.886;2023
NORCASIA;220.0;2032.631;2024
NORCASIA;220.0;2214.377;2025
OBANDO;221.0;16.97;2017
OBANDO;221.0;16.97;2021
OBANDO;221.0;16.97;2022
OBANDO;221.0;16.97;2023
OBANDO;221.0;16.97;2024
OBANDO;221.0;16.97;2025
OCANA;222.0;6.0;2015
OCANA;222.0;14.0;2016
OCANA;222.0;2.3;2017
OCANA;222.0;3520.0;2019
OCANA;222.0;3141.0;2020
OCANA;222.0;4217.43;2021
OCANA;222.0;5017.644;2022
OCANA;222.0;5817.858;2023
OCANA;222.0;6618.072;2024
OCANA;222.0;7418.286;2025
ORITO;223.0;9.0;2015
ORITO;223.0;30.0;2017
ORITO;223.0;44.0;2019
ORITO;223.0;179.2;2020
ORITO;223.0;156.098;2021
ORITO;223.0;183.959;2022
ORITO;223.0;211.82;2023
ORITO;223.0;239.681;2024
ORITO;223.0;267.542;2025
OROCUE;224.0;26.0;2016
OROCUE;224.0;514.2;2017
OROCUE;224.0;278.0;2019
OROCUE;224.0;474.871;2021
OROCUE;224.0;530.0;2022
OROCUE;224.0;585.128;2023
OROCUE;224.0;640.257;2024
OROCUE;224.0;695.385;2025
OVEJAS;225.0;3.0;2019
OVEJAS;225.0;3.0;2021
OVEJAS;225.0;3.0;2022
OVEJAS;225.0;3.0;2023
OVEJAS;225.0;3.0;2024
OVEJAS;225.0;3.0;2025
PACHO;226.0;10.0;2015
PACHO;226.0;10.0;2021
PACHO;226.0;10.0;2022
PACHO;226.0;10.0;2023
PACHO;226.0;10.0;2024
PACHO;226.0;10.0;2025
PAIPA;227.0;1105.0;2015
PAIPA;227.0;3154.0;2016
PAIPA;227.0;856.2;2017
PAIPA;227.0;2006.62;2019
PAIPA;227.0;137.5;2020
PAIPA;227.0;647.727;2021
PAIPA;227.0;424.356;2022
PAIPA;227.0;200.984;2023
PAIPA;227.0;1066.548;2024
PAIPA;227.0;189.816;2025
PALERMO;228.0;16.97;2017
PALERMO;228.0;93.0;2019
PALERMO;228.0;293.0;2020
PALERMO;228.0;331.015;2021
PALERMO;228.0;415.311;2022
PALERMO;228.0;499.608;2023
PALERMO;228.0;583.904;2024
PALERMO;228.0;668.201;2025
PALMIRA;229.0;2183.8;2015
PALMIRA;229.0;6552.15;2016
PALMIRA;229.0;7818.639999999999;2017
PALMIRA;229.0;4052.86;2019
PALMIRA;229.0;7734.22;2020
PALMIRA;229.0;7562.931;2021
PALMIRA;229.0;8089.208;2022
PALMIRA;229.0;8615.485;2023
PALMIRA;229.0;9141.762;2024
PALMIRA;229.0;9668.039;2025
PAMPLONA;230.0;3.5;2017
PAMPLONA;230.0;78.0;2019
PAMPLONA;230.0;112.0;2020
PAMPLONA;230.0;149.25;2021
PAMPLONA;230.0;185.571;2022
PAMPLONA;230.0;221.893;2023
PAMPLONA;230.0;258.214;2024
PAMPLONA;230.0;294.536;2025
PASCA;231.0;1.1;2015
PASCA;231.0;1.4;2016
PASCA;231.0;1.4;2017
PASCA;231.0;0.9;2019
PASCA;231.0;1.8;2020
PASCA;231.0;1.521;2021
PASCA;231.0;1.577;2022
PASCA;231.0;1.633;2023
PASCA;231.0;1.689;2024
PASCA;231.0;1.745;2025
PASTO;232.0;16434.66;2015
PASTO;232.0;17229.0;2016
PASTO;232.0;9840.7;2017
PASTO;232.0;5017.97;2019
PASTO;232.0;43866.0;2020
PASTO;232.0;29901.447;2021
PASTO;232.0;33074.72;2022
PASTO;232.0;36247.992;2023
PASTO;232.0;39421.265;2024
PASTO;232.0;42594.537;2025
PATIA;233.0;3.9;2019
PATIA;233.0;3.9;2021
PATIA;233.0;3.9;2022
PATIA;233.0;3.9;2023
PATIA;233.0;3.9;2024
PATIA;233.0;3.9;2025
PAZ DE ARIPORO;234.0;39.0;2015
PAZ DE ARIPORO;234.0;37.0;2016
PAZ DE ARIPORO;234.0;54.97;2017
PAZ DE ARIPORO;234.0;26.0;2019
PAZ DE ARIPORO;234.0;27.703;2021
PAZ DE ARIPORO;234.0;24.988;2022
PAZ DE ARIPORO;234.0;22.273;2023
PAZ DE ARIPORO;234.0;19.558;2024
PAZ DE ARIPORO;234.0;16.843;2025
PAZ DE RIO;235.0;16.5;2017
PAZ DE RIO;235.0;43.8;2019
PAZ DE RIO;235.0;27.5;2020
PAZ DE RIO;235.0;41.15;2021
PAZ DE RIO;235.0;46.243;2022
PAZ DE RIO;235.0;51.336;2023
PAZ DE RIO;235.0;56.429;2024
PAZ DE RIO;235.0;61.522;2025
PEREIRA;236.0;11577.11;2015
PEREIRA;236.0;97940.22;2016
PEREIRA;236.0;12522.51;2017
PEREIRA;236.0;71414.3;2019
PEREIRA;236.0;62936.81;2020
PEREIRA;236.0;73880.373;2021
PEREIRA;236.0;80158.758;2022
PEREIRA;236.0;86437.142;2023
PEREIRA;236.0;92715.526;2024
PEREIRA;236.0;98993.91;2025
PESCA;237.0;0.6;2017
PESCA;237.0;99.25;2019
PESCA;237.0;230.0;2020
PESCA;237.0;279.325;2021
PESCA;237.0;351.914;2022
PESCA;237.0;424.503;2023
PESCA;237.0;497.092;2024
PESCA;237.0;569.681;2025
PIAMONTE;238.0;319.0;2019
PIAMONTE;238.0;319.0;2021
PIAMONTE;238.0;319.0;2022
PIAMONTE;238.0;319.0;2023
PIAMONTE;238.0;319.0;2024
PIAMONTE;238.0;319.0;2025
PIEDECUESTA;239.0;0.0;2015
PIEDECUESTA;239.0;105.12;2016
PIEDECUESTA;239.0;148.32;2017
PIEDECUESTA;239.0;102.4;2019
PIEDECUESTA;239.0;180.585;2021
PIEDECUESTA;239.0;202.144;2022
PIEDECUESTA;239.0;223.703;2023
PIEDECUESTA;239.0;245.262;2024
PIEDECUESTA;239.0;266.821;2025
PIEDRAS;240.0;426.0;2015
PIEDRAS;240.0;6.0;2017
PIEDRAS;240.0;4.0;2020
PIEDRAS;240.0;145.333;2021
PIEDRAS;240.0;145.333;2022
PIEDRAS;240.0;29.411;2023
PIEDRAS;240.0;0.431;2024
PIEDRAS;240.0;108.073;2025
PIENDAMO - TUNIA;241.0;0.09;2017
PIENDAMO - TUNIA;241.0;0.09;2021
PIENDAMO - TUNIA;241.0;0.09;2022
PIENDAMO - TUNIA;241.0;0.09;2023
PIENDAMO - TUNIA;241.0;0.09;2024
PIENDAMO - TUNIA;241.0;0.09;2025
PITALITO;242.0;60.0;2016
PITALITO;242.0;62.5;2017
PITALITO;242.0;1424.8200000000002;2019
PITALITO;242.0;340.21000000000004;2020
PITALITO;242.0;1048.704;2021
PITALITO;242.0;1240.978;2022
PITALITO;242.0;1433.252;2023
PITALITO;242.0;1625.526;2024
PITALITO;242.0;1817.8;2025
PLANETA RICA;243.0;33.94;2017
PLANETA RICA;243.0;340.0;2019
PLANETA RICA;243.0;67.25;2020
PLANETA RICA;243.0;220.28;2021
PLANETA RICA;243.0;251.659;2022
PLANETA RICA;243.0;283.037;2023
PLANETA RICA;243.0;314.416;2024
PLANETA RICA;243.0;345.794;2025
PLATO;244.0;13.0;2016
PLATO;244.0;13.0;2021
PLATO;244.0;13.0;2022
PLATO;244.0;13.0;2023
PLATO;244.0;13.0;2024
PLATO;244.0;13.0;2025
POPAYAN;245.0;444.8;2015
POPAYAN;245.0;1501.6;2016
POPAYAN;245.0;1000.5;2017
POPAYAN;245.0;761.35;2019
POPAYAN;245.0;1922.8;2020
POPAYAN;245.0;1680.334;2021
POPAYAN;245.0;1834.257;2022
POPAYAN;245.0;1988.18;2023
POPAYAN;245.0;2142.103;2024
POPAYAN;245.0;2296.027;2025
PORE;246.0;16.97;2017
PORE;246.0;16.97;2021
PORE;246.0;16.97;2022
PORE;246.0;16.97;2023
PORE;246.0;16.97;2024
PORE;246.0;16.97;2025
POTOSI;247.0;7.6;2019
POTOSI;247.0;7.6;2021
POTOSI;247.0;7.6;2022
POTOSI;247.0;7.6;2023
POTOSI;247.0;7.6;2024
POTOSI;247.0;7.6;2025
PRADERA;248.0;11.0;2019
PRADERA;248.0;9.0;2020
PRADERA;248.0;7.0;2021
PRADERA;248.0;5.0;2022
PRADERA;248.0;3.0;2023
PRADERA;248.0;1.0;2024
PRADERA;248.0;6.0;2025
PRADO;249.0;34.0;2016
PRADO;249.0;34.0;2021
PRADO;249.0;34.0;2022
PRADO;249.0;34.0;2023
PRADO;249.0;34.0;2024
PRADO;249.0;34.0;2025
PUEBLO NUEVO;250.0;16.97;2017
PUEBLO NUEVO;250.0;16.97;2021
PUEBLO NUEVO;250.0;16.97;2022
PUEBLO NUEVO;250.0;16.97;2023
PUEBLO NUEVO;250.0;16.97;2024
PUEBLO NUEVO;250.0;16.97;2025
PUERRES;251.0;1.0;2015
PUERRES;251.0;1559.0;2019
PUERRES;251.0;2338.0;2021
PUERRES;251.0;2727.5;2022
PUERRES;251.0;3117.0;2023
PUERRES;251.0;3506.5;2024
PUERRES;251.0;3896.0;2025
PUERTO ASIS;252.0;1541.0;2016
PUERTO ASIS;252.0;351.0;2017
PUERTO ASIS;252.0;210.0;2019
PUERTO ASIS;252.0;386.0;2020
PUERTO ASIS;252.0;622.0;2021
PUERTO ASIS;252.0;137.5;2022
PUERTO ASIS;252.0;541.25;2023
PUERTO ASIS;252.0;125.625;2024
PUERTO ASIS;252.0;28.646;2025
PUERTO BERRIO;253.0;756.8;2016
PUERTO BERRIO;253.0;254.5;2017
PUERTO BERRIO;253.0;946.1;2019
PUERTO BERRIO;253.0;541.1;2020
PUERTO BERRIO;253.0;702.685;2021
PUERTO BERRIO;253.0;728.705;2022
PUERTO BERRIO;253.0;754.725;2023
PUERTO BERRIO;253.0;780.745;2024
PUERTO BERRIO;253.0;806.765;2025
PUERTO BOYACA;254.0;628.0;2015
PUERTO BOYACA;254.0;8.7;2016
PUERTO BOYACA;254.0;30.0;2017
PUERTO BOYACA;254.0;1073.0;2019
PUERTO BOYACA;254.0;1555.4;2020
PUERTO BOYACA;254.0;1544.256;2021
PUERTO BOYACA;254.0;1790.155;2022
PUERTO BOYACA;254.0;2036.054;2023
PUERTO BOYACA;254.0;2281.953;2024
PUERTO BOYACA;254.0;2527.852;2025
PUERTO CARRENO;255.0;23.0;2020
PUERTO CARRENO;255.0;23.0;2021
PUERTO CARRENO;255.0;23.0;2022
PUERTO CARRENO;255.0;23.0;2023
PUERTO CARRENO;255.0;23.0;2024
PUERTO CARRENO;255.0;23.0;2025
PUERTO COLOMBIA;256.0;516.7;2015
PUERTO COLOMBIA;256.0;749.0;2016
PUERTO COLOMBIA;256.0;192.0;2019
PUERTO COLOMBIA;256.0;342.2;2020
PUERTO COLOMBIA;256.0;188.144;2021
PUERTO COLOMBIA;256.0;113.335;2022
PUERTO COLOMBIA;256.0;38.526;2023
PUERTO COLOMBIA;256.0;305.701;2024
PUERTO COLOMBIA;256.0;26.652;2025
PUERTO GAITAN;257.0;5336.5;2015
PUERTO GAITAN;257.0;463.0;2016
PUERTO GAITAN;257.0;464.97;2017
PUERTO GAITAN;257.0;3456.7;2019
PUERTO GAITAN;257.0;1385.5;2020
PUERTO GAITAN;257.0;1277.638;2021
PUERTO GAITAN;257.0;1015.5;2022
PUERTO GAITAN;257.0;753.363;2023
PUERTO GAITAN;257.0;491.225;2024
PUERTO GAITAN;257.0;229.087;2025
PUERTO LIBERTADOR;258.0;764.97;2017
PUERTO LIBERTADOR;258.0;764.97;2021
PUERTO LIBERTADOR;258.0;764.97;2022
PUERTO LIBERTADOR;258.0;764.97;2023
PUERTO LIBERTADOR;258.0;764.97;2024
PUERTO LIBERTADOR;258.0;764.97;2025
PUERTO LOPEZ;259.0;3.0;2015
PUERTO LOPEZ;259.0;230.44;2017
PUERTO LOPEZ;259.0;1090.0;2019
PUERTO LOPEZ;259.0;971.0;2020
PUERTO LOPEZ;259.0;1315.308;2021
PUERTO LOPEZ;259.0;1543.523;2022
PUERTO LOPEZ;259.0;1771.738;2023
PUERTO LOPEZ;259.0;1999.953;2024
PUERTO LOPEZ;259.0;2228.168;2025
PUERTO NARE;260.0;24.1;2016
PUERTO NARE;260.0;137.6;2017
PUERTO NARE;260.0;46.9;2019
PUERTO NARE;260.0;69.664;2021
PUERTO NARE;260.0;69.7;2022
PUERTO NARE;260.0;69.736;2023
PUERTO NARE;260.0;69.771;2024
PUERTO NARE;260.0;69.807;2025
PUERTO RICO;261.0;34.0;2019
PUERTO RICO;261.0;34.0;2021
PUERTO RICO;261.0;34.0;2022
PUERTO RICO;261.0;34.0;2023
PUERTO RICO;261.0;34.0;2024
PUERTO RICO;261.0;34.0;2025
PUERTO SALGAR;262.0;0.0;2015
PUERTO SALGAR;262.0;333.0;2016
PUERTO SALGAR;262.0;469.0;2017
PUERTO SALGAR;262.0;0.0;2020
PUERTO SALGAR;262.0;105.357;2021
PUERTO SALGAR;262.0;81.571;2022
PUERTO SALGAR;262.0;57.785;2023
PUERTO SALGAR;262.0;33.999;2024
PUERTO SALGAR;262.0;10.213;2025
PUERTO TEJADA;263.0;898.0;2015
PUERTO TEJADA;263.0;396.0;2016
PUERTO TEJADA;263.0;19.5;2017
PUERTO TEJADA;263.0;261.0;2019
PUERTO TEJADA;263.0;1696.7;2020
PUERTO TEJADA;263.0;1096.207;2021
PUERTO TEJADA;263.0;1218.976;2022
PUERTO TEJADA;263.0;1341.744;2023
PUERTO TEJADA;263.0;1464.513;2024
PUERTO TEJADA;263.0;1587.282;2025
PUERTO TRIUNFO;264.0;38.52;2019
PUERTO TRIUNFO;264.0;12.0;2020
PUERTO TRIUNFO;264.0;25.26;2021
PUERTO TRIUNFO;264.0;12.0;2022
PUERTO TRIUNFO;264.0;5.37;2023
PUERTO TRIUNFO;264.0;18.63;2024
PUERTO TRIUNFO;264.0;5.37;2025
PUERTO WILCHES;265.0;204.0;2019
PUERTO WILCHES;265.0;266.0;2020
PUERTO WILCHES;265.0;328.0;2021
PUERTO WILCHES;265.0;390.0;2022
PUERTO WILCHES;265.0;452.0;2023
PUERTO WILCHES;265.0;514.0;2024
PUERTO WILCHES;265.0;576.0;2025
PURIFICACION;266.0;1148.0;2016
PURIFICACION;266.0;143.0;2017
PURIFICACION;266.0;645.5;2021
PURIFICACION;266.0;501.929;2022
PURIFICACION;266.0;466.036;2023
PURIFICACION;266.0;430.143;2024
PURIFICACION;266.0;394.25;2025
PURISIMA DE LA CONCEPCION;267.0;16.97;2017
PURISIMA DE LA CONCEPCION;267.0;16.97;2021
PURISIMA DE LA CONCEPCION;267.0;16.97;2022
PURISIMA DE LA CONCEPCION;267.0;16.97;2023
PURISIMA DE LA CONCEPCION;267.0;16.97;2024
PURISIMA DE LA CONCEPCION;267.0;16.97;2025
QUIBDO;268.0;14.0;2015
QUIBDO;268.0;490.0;2016
QUIBDO;268.0;60.4;2019
QUIBDO;268.0;633.1;2020
QUIBDO;268.0;485.359;2021
QUIBDO;268.0;538.497;2022
QUIBDO;268.0;591.635;2023
QUIBDO;268.0;644.773;2024
QUIBDO;268.0;697.911;2025
QUIMBAYA;269.0;555.0;2017
QUIMBAYA;269.0;3.0;2020
QUIMBAYA;269.0;279.0;2021
QUIMBAYA;269.0;24.231;2022
QUIMBAYA;269.0;215.308;2023
QUIMBAYA;269.0;0.797;2024
QUIMBAYA;269.0;179.556;2025
QUINCHIA;270.0;888.27;2017
QUINCHIA;270.0;888.27;2021
QUINCHIA;270.0;888.27;2022
QUINCHIA;270.0;888.27;2023
QUINCHIA;270.0;888.27;2024
QUINCHIA;270.0;888.27;2025
RAQUIRA;271.0;1.0;2015
RAQUIRA;271.0;13.0;2020
RAQUIRA;271.0;15.4;2021
RAQUIRA;271.0;17.8;2022
RAQUIRA;271.0;20.2;2023
RAQUIRA;271.0;22.6;2024
RAQUIRA;271.0;25.0;2025
REPELON;272.0;16.97;2017
REPELON;272.0;16.97;2021
REPELON;272.0;16.97;2022
REPELON;272.0;16.97;2023
REPELON;272.0;16.97;2024
REPELON;272.0;16.97;2025
RETIRO;273.0;3.0;2015
RETIRO;273.0;116.0;2016
RETIRO;273.0;83.97;2017
RETIRO;273.0;23.0;2019
RETIRO;273.0;5.0;2020
RETIRO;273.0;14.09;2021
RETIRO;273.0;5.172;2022
RETIRO;273.0;35.747;2023
RETIRO;273.0;4.945;2024
RETIRO;273.0;32.325;2025
RICAURTE;274.0;45.0;2016
RICAURTE;274.0;6.0;2017
RICAURTE;274.0;1138.8;2019
RICAURTE;274.0;1839.171;2021
RICAURTE;274.0;2232.6;2022
RICAURTE;274.0;2626.028;2023
RICAURTE;274.0;3019.457;2024
RICAURTE;274.0;3412.885;2025
RIO DE ORO;275.0;458.0;2019
RIO DE ORO;275.0;38.0;2020
RIO DE ORO;275.0;248.0;2021
RIO DE ORO;275.0;38.0;2022
RIO DE ORO;275.0;195.5;2023
RIO DE ORO;275.0;38.0;2024
RIO DE ORO;275.0;169.25;2025
RIOHACHA;276.0;67.5;2015
RIOHACHA;276.0;706.0999999999999;2016
RIOHACHA;276.0;377.19;2017
RIOHACHA;276.0;100.45;2019
RIOHACHA;276.0;265.06;2020
RIOHACHA;276.0;208.752;2021
RIOHACHA;276.0;182.5;2022
RIOHACHA;276.0;156.247;2023
RIOHACHA;276.0;129.995;2024
RIOHACHA;276.0;103.743;2025
RIONEGRO;277.0;1848.0;2015
RIONEGRO;277.0;2305.76;2016
RIONEGRO;277.0;4726.07;2017
RIONEGRO;277.0;5032.31;2019
RIONEGRO;277.0;719.35;2020
RIONEGRO;277.0;3003.387;2021
RIONEGRO;277.0;3024.801;2022
RIONEGRO;277.0;3046.214;2023
RIONEGRO;277.0;3067.628;2024
RIONEGRO;277.0;3089.042;2025
RIVERA;278.0;80.0;2019
RIVERA;278.0;16.5;2020
RIVERA;278.0;48.25;2021
RIVERA;278.0;16.5;2022
RIVERA;278.0;0.625;2023
RIVERA;278.0;32.375;2024
RIVERA;278.0;0.625;2025
SABANALARGA;279.0;5.0;2015
SABANALARGA;279.0;0.0;2016
SABANALARGA;279.0;36.97;2017
SABANALARGA;279.0;198.0;2019
SABANALARGA;279.0;86.0;2020
SABANALARGA;279.0;172.694;2021
SABANALARGA;279.0;202.555;2022
SABANALARGA;279.0;232.416;2023
SABANALARGA;279.0;262.277;2024
SABANALARGA;279.0;292.138;2025
SABANETA;280.0;1456.95;2015
SABANETA;280.0;635.78;2016
SABANETA;280.0;2724.86;2017
SABANETA;280.0;2186.21;2019
SABANETA;280.0;2676.9;2020
SABANETA;280.0;2978.708;2021
SABANETA;280.0;3268.31;2022
SABANETA;280.0;3557.913;2023
SABANETA;280.0;3847.515;2024
SABANETA;280.0;4137.117;2025
SAHAGUN;281.0;4.0;2015
SAHAGUN;281.0;58.51;2017
SAHAGUN;281.0;65.0;2019
SAHAGUN;281.0;16.5;2020
SAHAGUN;281.0;49.992;2021
SAHAGUN;281.0;54.297;2022
SAHAGUN;281.0;58.601;2023
SAHAGUN;281.0;62.906;2024
SAHAGUN;281.0;67.21;2025
SALDANA;282.0;0.0;2015
SALDANA;282.0;7.1;2017
SALDANA;282.0;2.0;2019
SALDANA;282.0;64.0;2020
SALDANA;282.0;49.381;2021
SALDANA;282.0;58.952;2022
SALDANA;282.0;68.523;2023
SALDANA;282.0;78.094;2024
SALDANA;282.0;87.665;2025
SAMACA;283.0;1.0;2016
SAMACA;283.0;192.0;2017
SAMACA;283.0;29.0;2019
SAMACA;283.0;40.0;2020
SAMACA;283.0;40.0;2021
SAMACA;283.0;31.5;2022
SAMACA;283.0;23.0;2023
SAMACA;283.0;14.5;2024
SAMACA;283.0;6.0;2025
SAMANIEGO;284.0;2.4;2015
SAMANIEGO;284.0;0.5;2016
SAMANIEGO;284.0;1.45;2021
SAMANIEGO;284.0;1.235;2022
SAMANIEGO;284.0;1.189;2023
SAMANIEGO;284.0;1.143;2024
SAMANIEGO;284.0;1.097;2025
SAN ALBERTO;285.0;94.0;2017
SAN ALBERTO;285.0;94.0;2021
SAN ALBERTO;285.0;94.0;2022
SAN ALBERTO;285.0;94.0;2023
SAN ALBERTO;285.0;94.0;2024
SAN ALBERTO;285.0;94.0;2025
SAN ANDRES;286.0;586.23;2019
SAN ANDRES;286.0;586.23;2021
SAN ANDRES;286.0;586.23;2022
SAN ANDRES;286.0;586.23;2023
SAN ANDRES;286.0;586.23;2024
SAN ANDRES;286.0;586.23;2025
SAN ANDRES DE TUMACO;287.0;34.0;2016
SAN ANDRES DE TUMACO;287.0;84.5;2017
SAN ANDRES DE TUMACO;287.0;3.8;2019
SAN ANDRES DE TUMACO;287.0;920.97;2020
SAN ANDRES DE TUMACO;287.0;768.789;2021
SAN ANDRES DE TUMACO;287.0;938.113;2022
SAN ANDRES DE TUMACO;287.0;1107.437;2023
SAN ANDRES DE TUMACO;287.0;1276.761;2024
SAN ANDRES DE TUMACO;287.0;1446.085;2025
SAN BERNARDO DEL VIENTO;288.0;2.5;2016
SAN BERNARDO DEL VIENTO;288.0;16.97;2017
SAN BERNARDO DEL VIENTO;288.0;74.85;2021
SAN BERNARDO DEL VIENTO;288.0;89.32;2022
SAN BERNARDO DEL VIENTO;288.0;103.79;2023
SAN BERNARDO DEL VIENTO;288.0;118.26;2024
SAN BERNARDO DEL VIENTO;288.0;132.73;2025
SAN CARLOS;289.0;812.04;2015
SAN CARLOS;289.0;715.7;2016
SAN CARLOS;289.0;579.62;2017
SAN CARLOS;289.0;2804.95;2019
SAN CARLOS;289.0;572.75;2020
SAN CARLOS;289.0;1681.875;2021
SAN CARLOS;289.0;1844.337;2022
SAN CARLOS;289.0;2006.799;2023
SAN CARLOS;289.0;2169.261;2024
SAN CARLOS;289.0;2331.723;2025
SAN CARLOS DE GUAROA;290.0;115.0;2016
SAN CARLOS DE GUAROA;290.0;61.0;2020
SAN CARLOS DE GUAROA;290.0;47.5;2021
SAN CARLOS DE GUAROA;290.0;34.0;2022
SAN CARLOS DE GUAROA;290.0;20.5;2023
SAN CARLOS DE GUAROA;290.0;7.0;2024
SAN CARLOS DE GUAROA;290.0;47.5;2025
SAN ESTANISLAO;291.0;16.97;2017
SAN ESTANISLAO;291.0;16.97;2021
SAN ESTANISLAO;291.0;16.97;2022
SAN ESTANISLAO;291.0;16.97;2023
SAN ESTANISLAO;291.0;16.97;2024
SAN ESTANISLAO;291.0;16.97;2025
SAN GIL;292.0;62.2;2016
SAN GIL;292.0;97.9;2017
SAN GIL;292.0;590.8;2019
SAN GIL;292.0;142.55;2020
SAN GIL;292.0;419.442;2021
SAN GIL;292.0;484.802;2022
SAN GIL;292.0;550.162;2023
SAN GIL;292.0;615.522;2024
SAN GIL;292.0;680.882;2025
SAN JOSE DE URE;293.0;16.97;2017
SAN JOSE DE URE;293.0;16.97;2021
SAN JOSE DE URE;293.0;16.97;2022
SAN JOSE DE URE;293.0;16.97;2023
SAN JOSE DE URE;293.0;16.97;2024
SAN JOSE DE URE;293.0;16.97;2025
SAN JOSE DEL GUAVIARE;294.0;28.0;2017
SAN JOSE DEL GUAVIARE;294.0;8.6;2020
SAN JOSE DEL GUAVIARE;294.0;2.133;2021
SAN JOSE DEL GUAVIARE;294.0;12.911;2022
SAN JOSE DEL GUAVIARE;294.0;0.901;2023
SAN JOSE DEL GUAVIARE;294.0;10.509;2024
SAN JOSE DEL GUAVIARE;294.0;10.509;2025
SAN JUAN DE RIOSECO;295.0;0.76;2020
SAN JUAN DE RIOSECO;295.0;0.76;2021
SAN JUAN DE RIOSECO;295.0;0.76;2022
SAN JUAN DE RIOSECO;295.0;0.76;2023
SAN JUAN DE RIOSECO;295.0;0.76;2024
SAN JUAN DE RIOSECO;295.0;0.76;2025
SAN LUIS DE SINCE;296.0;16.97;2017
SAN LUIS DE SINCE;296.0;16.97;2021
SAN LUIS DE SINCE;296.0;16.97;2022
SAN LUIS DE SINCE;296.0;16.97;2023
SAN LUIS DE SINCE;296.0;16.97;2024
SAN LUIS DE SINCE;296.0;16.97;2025
SAN MARCOS;297.0;16.97;2017
SAN MARCOS;297.0;16.97;2021
SAN MARCOS;297.0;16.97;2022
SAN MARCOS;297.0;16.97;2023
SAN MARCOS;297.0;16.97;2024
SAN MARCOS;297.0;16.97;2025
SAN MARTIN;298.0;798.0;2020
SAN MARTIN;298.0;798.0;2021
SAN MARTIN;298.0;798.0;2022
SAN MARTIN;298.0;798.0;2023
SAN MARTIN;298.0;798.0;2024
SAN MARTIN;298.0;798.0;2025
SAN ONOFRE;299.0;16.97;2017
SAN ONOFRE;299.0;16.97;2021
SAN ONOFRE;299.0;16.97;2022
SAN ONOFRE;299.0;16.97;2023
SAN ONOFRE;299.0;16.97;2024
SAN ONOFRE;299.0;16.97;2025
SAN PEDRO;300.0;21.9;2015
SAN PEDRO;300.0;382.0;2016
SAN PEDRO;300.0;107.2;2017
SAN PEDRO;300.0;87.9;2019
SAN PEDRO;300.0;69.1;2020
SAN PEDRO;300.0;68.749;2021
SAN PEDRO;300.0;50.729;2022
SAN PEDRO;300.0;32.709;2023
SAN PEDRO;300.0;14.689;2024
SAN PEDRO;300.0;92.775;2025
SAN PEDRO DE LOS MILAGROS;301.0;19.0;2016
SAN PEDRO DE LOS MILAGROS;301.0;16.97;2017
SAN PEDRO DE LOS MILAGROS;301.0;55.0;2019
SAN PEDRO DE LOS MILAGROS;301.0;65.0;2020
SAN PEDRO DE LOS MILAGROS;301.0;78.002;2021
SAN PEDRO DE LOS MILAGROS;301.0;91.005;2022
SAN PEDRO DE LOS MILAGROS;301.0;104.008;2023
SAN PEDRO DE LOS MILAGROS;301.0;117.011;2024
SAN PEDRO DE LOS MILAGROS;301.0;130.014;2025
SAN RAFAEL;302.0;117.1;2015
SAN RAFAEL;302.0;929.4;2016
SAN RAFAEL;302.0;141.5;2017
SAN RAFAEL;302.0;2735.0;2019
SAN RAFAEL;302.0;101.0;2020
SAN RAFAEL;302.0;1432.665;2021
SAN RAFAEL;302.0;1607.072;2022
SAN RAFAEL;302.0;1781.479;2023
SAN RAFAEL;302.0;1955.886;2024
SAN RAFAEL;302.0;2130.293;2025
SAN ROQUE;303.0;11.73;2016
SAN ROQUE;303.0;23.91;2017
SAN ROQUE;303.0;19.25;2020
SAN ROQUE;303.0;21.922;2021
SAN ROQUE;303.0;23.01;2022
SAN ROQUE;303.0;24.098;2023
SAN ROQUE;303.0;25.185;2024
SAN ROQUE;303.0;26.273;2025
SAN SEBASTIAN DE MARIQUITA;304.0;46.6;2016
SAN SEBASTIAN DE MARIQUITA;304.0;31.57;2017
SAN SEBASTIAN DE MARIQUITA;304.0;5.6;2020
SAN SEBASTIAN DE MARIQUITA;304.0;27.923;2021
SAN SEBASTIAN DE MARIQUITA;304.0;10.29;2022
SAN SEBASTIAN DE MARIQUITA;304.0;5.252;2023
SAN SEBASTIAN DE MARIQUITA;304.0;0.214;2024
SAN SEBASTIAN DE MARIQUITA;304.0;18.207;2025
SAN VICENTE DE CHUCURI;305.0;35.0;2019
SAN VICENTE DE CHUCURI;305.0;35.0;2021
SAN VICENTE DE CHUCURI;305.0;35.0;2022
SAN VICENTE DE CHUCURI;305.0;35.0;2023
SAN VICENTE DE CHUCURI;305.0;35.0;2024
SAN VICENTE DE CHUCURI;305.0;35.0;2025
SANTA ANA;306.0;16.97;2017
SANTA ANA;306.0;16.97;2021
SANTA ANA;306.0;16.97;2022
SANTA ANA;306.0;16.97;2023
SANTA ANA;306.0;16.97;2024
SANTA ANA;306.0;16.97;2025
SANTA FE DE ANTIOQUIA;307.0;45.8;2016
SANTA FE DE ANTIOQUIA;307.0;136.9;2017
SANTA FE DE ANTIOQUIA;307.0;9.0;2019
SANTA FE DE ANTIOQUIA;307.0;0.0;2020
SANTA FE DE ANTIOQUIA;307.0;47.925;2021
SANTA FE DE ANTIOQUIA;307.0;4.535;2022
SANTA FE DE ANTIOQUIA;307.0;40.693;2023
SANTA FE DE ANTIOQUIA;307.0;3.472;2024
SANTA FE DE ANTIOQUIA;307.0;36.041;2025
SANTA MARTA;308.0;480.66;2015
SANTA MARTA;308.0;855.6999999999999;2016
SANTA MARTA;308.0;3489.19;2017
SANTA MARTA;308.0;1316.39;2019
SANTA MARTA;308.0;669.6;2020
SANTA MARTA;308.0;1383.227;2021
SANTA MARTA;308.0;1389.038;2022
SANTA MARTA;308.0;1394.849;2023
SANTA MARTA;308.0;1400.66;2024
SANTA MARTA;308.0;1406.471;2025
SANTA ROSA DE CABAL;309.0;181.71;2015
SANTA ROSA DE CABAL;309.0;209.61;2016
SANTA ROSA DE CABAL;309.0;18.16;2017
SANTA ROSA DE CABAL;309.0;336.5;2019
SANTA ROSA DE CABAL;309.0;133.2;2020
SANTA ROSA DE CABAL;309.0;206.791;2021
SANTA ROSA DE CABAL;309.0;215.39;2022
SANTA ROSA DE CABAL;309.0;223.989;2023
SANTA ROSA DE CABAL;309.0;232.587;2024
SANTA ROSA DE CABAL;309.0;241.186;2025
SANTA ROSA DE OSOS;310.0;30.0;2016
SANTA ROSA DE OSOS;310.0;31.81;2017
SANTA ROSA DE OSOS;310.0;24.4;2019
SANTA ROSA DE OSOS;310.0;26.3;2020
SANTA ROSA DE OSOS;310.0;23.685;2021
SANTA ROSA DE OSOS;310.0;22.204;2022
SANTA ROSA DE OSOS;310.0;20.723;2023
SANTA ROSA DE OSOS;310.0;19.242;2024
SANTA ROSA DE OSOS;310.0;17.761;2025
SANTA ROSALIA;311.0;0.0;2019
SANTA ROSALIA;311.0;0.0;2020
SANTA ROSALIA;311.0;0.0;2021
SANTA ROSALIA;311.0;0.0;2022
SANTA ROSALIA;311.0;0.0;2023
SANTA ROSALIA;311.0;0.0;2024
SANTA ROSALIA;311.0;0.0;2025
SANTANDER DE QUILICHAO;312.0;909.46;2015
SANTANDER DE QUILICHAO;312.0;1730.5100000000002;2016
SANTANDER DE QUILICHAO;312.0;1325.25;2017
SANTANDER DE QUILICHAO;312.0;721.52;2019
SANTANDER DE QUILICHAO;312.0;465.81;2020
SANTANDER DE QUILICHAO;312.0;450.747;2021
SANTANDER DE QUILICHAO;312.0;289.702;2022
SANTANDER DE QUILICHAO;312.0;128.656;2023
SANTANDER DE QUILICHAO;312.0;752.707;2024
SANTANDER DE QUILICHAO;312.0;120.604;2025
SANTO DOMINGO;313.0;5.1;2017
SANTO DOMINGO;313.0;76.0;2019
SANTO DOMINGO;313.0;57.2;2020
SANTO DOMINGO;313.0;92.65;2021
SANTO DOMINGO;313.0;112.6;2022
SANTO DOMINGO;313.0;132.55;2023
SANTO DOMINGO;313.0;152.5;2024
SANTO DOMINGO;313.0;172.45;2025
SANTO TOMAS;314.0;8.0;2019
SANTO TOMAS;314.0;8.0;2021
SANTO TOMAS;314.0;8.0;2022
SANTO TOMAS;314.0;8.0;2023
SANTO TOMAS;314.0;8.0;2024
SANTO TOMAS;314.0;8.0;2025
SARAVENA;315.0;65.0;2015
SARAVENA;315.0;10.0;2016
SARAVENA;315.0;10.0;2017
SARAVENA;315.0;15.8;2019
SARAVENA;315.0;574.5;2020
SARAVENA;315.0;416.567;2021
SARAVENA;315.0;494.764;2022
SARAVENA;315.0;572.96;2023
SARAVENA;315.0;651.157;2024
SARAVENA;315.0;729.353;2025
SASAIMA;316.0;3.75;2019
SASAIMA;316.0;0.28;2020
SASAIMA;316.0;2.015;2021
SASAIMA;316.0;0.28;2022
SASAIMA;316.0;1.581;2023
SASAIMA;316.0;0.28;2024
SASAIMA;316.0;1.364;2025
SEGOVIA;317.0;2121.5;2019
SEGOVIA;317.0;2121.5;2021
SEGOVIA;317.0;2121.5;2022
SEGOVIA;317.0;2121.5;2023
SEGOVIA;317.0;2121.5;2024
SEGOVIA;317.0;2121.5;2025
SESQUILE;318.0;137.83999999999995;2015
SESQUILE;318.0;12.0;2016
SESQUILE;318.0;102.0;2017
SESQUILE;318.0;229.39;2019
SESQUILE;318.0;48.3;2020
SESQUILE;318.0;127.713;2021
SESQUILE;318.0;133.77;2022
SESQUILE;318.0;139.828;2023
SESQUILE;318.0;145.885;2024
SESQUILE;318.0;151.943;2025
SEVILLA;319.0;170.0;2015
SEVILLA;319.0;0.0;2016
SEVILLA;319.0;43.0;2017
SEVILLA;319.0;1.9;2019
SEVILLA;319.0;53.725;2021
SEVILLA;319.0;0.152;2022
SEVILLA;319.0;44.796;2023
SEVILLA;319.0;3.511;2024
SEVILLA;319.0;39.636;2025
SIACHOQUE;320.0;8.05;2019
SIACHOQUE;320.0;8.05;2021
SIACHOQUE;320.0;8.05;2022
SIACHOQUE;320.0;8.05;2023
SIACHOQUE;320.0;8.05;2024
SIACHOQUE;320.0;8.05;2025
SIBATE;321.0;6395.49;2015
SIBATE;321.0;386.8;2016
SIBATE;321.0;211.15;2017
SIBATE;321.0;181.4;2019
SIBATE;321.0;2431.1;2020
SIBATE;321.0;1921.188;2021
SIBATE;321.0;583.466;2022
SIBATE;321.0;249.035;2023
SIBATE;321.0;1544.954;2024
SIBATE;321.0;232.314;2025
SILVANIA;322.0;0.4;2019
SILVANIA;322.0;0.4;2021
SILVANIA;322.0;0.4;2022
SILVANIA;322.0;0.4;2023
SILVANIA;322.0;0.4;2024
SILVANIA;322.0;0.4;2025
SIMIJACA;323.0;5.5;2019
SIMIJACA;323.0;13.0;2020
SIMIJACA;323.0;20.5;2021
SIMIJACA;323.0;28.0;2022
SIMIJACA;323.0;35.5;2023
SIMIJACA;323.0;43.0;2024
SIMIJACA;323.0;50.5;2025
SINCELEJO;324.0;149.53;2015
SINCELEJO;324.0;691.27;2016
SINCELEJO;324.0;10670.49;2017
SINCELEJO;324.0;226.6;2019
SINCELEJO;324.0;559.7;2020
SINCELEJO;324.0;1668.969;2021
SINCELEJO;324.0;1449.372;2022
SINCELEJO;324.0;1229.775;2023
SINCELEJO;324.0;1010.178;2024
SINCELEJO;324.0;790.581;2025
SITIONUEVO;325.0;87.0;2015
SITIONUEVO;325.0;160.0;2016
SITIONUEVO;325.0;184.0;2017
SITIONUEVO;325.0;386.167;2021
SITIONUEVO;325.0;434.667;2022
SITIONUEVO;325.0;483.167;2023
SITIONUEVO;325.0;531.667;2024
SITIONUEVO;325.0;580.167;2025
SOACHA;326.0;1608.85;2015
SOACHA;326.0;11323.8;2016
SOACHA;326.0;13759.45;2017
SOACHA;326.0;36162.66;2019
SOACHA;326.0;33548.06;2020
SOACHA;326.0;44368.979;2021
SOACHA;326.0;51337.983;2022
SOACHA;326.0;58306.987;2023
SOACHA;326.0;65275.991;2024
SOACHA;326.0;72244.995;2025
SOATA;327.0;56.6;2019
SOATA;327.0;698.7;2020
SOATA;327.0;1340.8;2021
SOATA;327.0;1982.9;2022
SOATA;327.0;2625.0;2023
SOATA;327.0;3267.1;2024
SOATA;327.0;3909.2;2025
SOCHA;328.0;30.0;2019
SOCHA;328.0;1.0;2020
SOCHA;328.0;15.5;2021
SOCHA;328.0;1.0;2022
SOCHA;328.0;11.875;2023
SOCHA;328.0;1.0;2024
SOCHA;328.0;10.062;2025
SOCORRO;329.0;110.97;2017
SOCORRO;329.0;11.0;2019
SOCORRO;329.0;60.985;2021
SOCORRO;329.0;23.496;2022
SOCORRO;329.0;11.0;2023
SOCORRO;329.0;43.49;2024
SOCORRO;329.0;9.383;2025
SOCOTA;330.0;82.85;2020
SOCOTA;330.0;82.85;2021
SOCOTA;330.0;82.85;2022
SOCOTA;330.0;82.85;2023
SOCOTA;330.0;82.85;2024
SOCOTA;330.0;82.85;2025
SOGAMOSO;331.0;236.8;2015
SOGAMOSO;331.0;3489.31;2016
SOGAMOSO;331.0;473.04;2017
SOGAMOSO;331.0;3684.03;2019
SOGAMOSO;331.0;1442.8;2020
SOGAMOSO;331.0;2703.066;2021
SOGAMOSO;331.0;2935.808;2022
SOGAMOSO;331.0;3168.55;2023
SOGAMOSO;331.0;3401.292;2024
SOGAMOSO;331.0;3634.033;2025
SOLEDAD;332.0;13060.6;2015
SOLEDAD;332.0;34490.7;2016
SOLEDAD;332.0;20846.1;2017
SOLEDAD;332.0;18663.82;2019
SOLEDAD;332.0;26414.18;2020
SOLEDAD;332.0;24907.012;2021
SOLEDAD;332.0;25521.438;2022
SOLEDAD;332.0;26135.863;2023
SOLEDAD;332.0;26750.289;2024
SOLEDAD;332.0;27364.714;2025
SONSON;333.0;12.0;2015
SONSON;333.0;33.94;2017
SONSON;333.0;19.9;2019
SONSON;333.0;765.0;2020
SONSON;333.0;579.569;2021
SONSON;333.0;693.987;2022
SONSON;333.0;808.405;2023
SONSON;333.0;922.823;2024
SONSON;333.0;1037.241;2025
SOPO;334.0;841.43;2015
SOPO;334.0;509.6;2016
SOPO;334.0;226.0;2017
SOPO;334.0;1012.5;2019
SOPO;334.0;772.0;2020
SOPO;334.0;840.57;2021
SOPO;334.0;887.31;2022
SOPO;334.0;934.05;2023
SOPO;334.0;980.79;2024
SOPO;334.0;1027.53;2025
SUAREZ;335.0;608.0;2016
SUAREZ;335.0;608.0;2021
SUAREZ;335.0;608.0;2022
SUAREZ;335.0;608.0;2023
SUAREZ;335.0;608.0;2024
SUAREZ;335.0;608.0;2025
SUBACHOQUE;336.0;25.0;2017
SUBACHOQUE;336.0;3.0;2019
SUBACHOQUE;336.0;12.0;2020
SUBACHOQUE;336.0;1.0;2021
SUBACHOQUE;336.0;10.25;2022
SUBACHOQUE;336.0;0.25;2023
SUBACHOQUE;336.0;8.583;2024
SUBACHOQUE;336.0;8.583;2025
SUESCA;337.0;1485.0;2015
SUESCA;337.0;203.0;2016
SUESCA;337.0;576.0;2017
SUESCA;337.0;13.0;2019
SUESCA;337.0;13.81;2020
SUESCA;337.0;458.162;2021
SUESCA;337.0;458.162;2022
SUESCA;337.0;31.18;2023
SUESCA;337.0;404.789;2024
SUESCA;337.0;26.359;2025
SUPATA;338.0;89.2;2016
SUPATA;338.0;45.8;2017
SUPATA;338.0;32.5;2019
SUPATA;338.0;12.6;2020
SUPATA;338.0;45.025;2021
SUPATA;338.0;12.112;2022
SUPATA;338.0;2.432;2023
SUPATA;338.0;34.238;2024
SUPATA;338.0;1.572;2025
TABIO;339.0;33.0;2015
TABIO;339.0;12.0;2016
TABIO;339.0;30.0;2017
TABIO;339.0;17.5;2021
TABIO;339.0;16.0;2022
TABIO;339.0;14.5;2023
TABIO;339.0;13.0;2024
TABIO;339.0;11.5;2025
TAME;340.0;2.2;2019
TAME;340.0;602.2;2020
TAME;340.0;1202.2;2021
TAME;340.0;1802.2;2022
TAME;340.0;2402.2;2023
TAME;340.0;3002.2;2024
TAME;340.0;3602.2;2025
TAMESIS;341.0;40.0;2017
TAMESIS;341.0;88.85;2019
TAMESIS;341.0;14.55;2020
TAMESIS;341.0;38.975;2021
TAMESIS;341.0;35.193;2022
TAMESIS;341.0;31.411;2023
TAMESIS;341.0;27.629;2024
TAMESIS;341.0;23.847;2025
TANGUA;342.0;42.6;2020
TANGUA;342.0;42.6;2021
TANGUA;342.0;42.6;2022
TANGUA;342.0;42.6;2023
TANGUA;342.0;42.6;2024
TANGUA;342.0;42.6;2025
TARAZA;343.0;50.91;2017
TARAZA;343.0;50.91;2021
TARAZA;343.0;50.91;2022
TARAZA;343.0;50.91;2023
TARAZA;343.0;50.91;2024
TARAZA;343.0;50.91;2025
TAURAMENA;344.0;20.0;2015
TAURAMENA;344.0;42.0;2016
TAURAMENA;344.0;48.0;2017
TAURAMENA;344.0;75.0;2019
TAURAMENA;344.0;102.0;2020
TAURAMENA;344.0;111.651;2021
TAURAMENA;344.0;126.721;2022
TAURAMENA;344.0;141.791;2023
TAURAMENA;344.0;156.861;2024
TAURAMENA;344.0;171.931;2025
TAUSA;345.0;537.0;2019
TAUSA;345.0;51.0;2020
TAUSA;345.0;294.0;2021
TAUSA;345.0;51.0;2022
TAUSA;345.0;233.25;2023
TAUSA;345.0;51.0;2024
TAUSA;345.0;202.875;2025
TELLO;346.0;1.0;2019
TELLO;346.0;1.5;2020
TELLO;346.0;2.0;2021
TELLO;346.0;2.5;2022
TELLO;346.0;3.0;2023
TELLO;346.0;3.5;2024
TELLO;346.0;4.0;2025
TENA;347.0;0.22;2017
TENA;347.0;0.22;2021
TENA;347.0;0.22;2022
TENA;347.0;0.22;2023
TENA;347.0;0.22;2024
TENA;347.0;0.22;2025
TENJO;348.0;4981.48;2015
TENJO;348.0;2013.7;2016
TENJO;348.0;1363.86;2017
TENJO;348.0;2606.1;2019
TENJO;348.0;3043.2200000000003;2020
TENJO;348.0;2123.921;2021
TENJO;348.0;1935.657;2022
TENJO;348.0;1747.393;2023
TENJO;348.0;1559.129;2024
TENJO;348.0;1370.865;2025
TESALIA;349.0;11.5;2016
TESALIA;349.0;1.5;2017
TESALIA;349.0;68.0;2019
TESALIA;349.0;103.607;2021
TESALIA;349.0;124.5;2022
TESALIA;349.0;145.393;2023
TESALIA;349.0;166.286;2024
TESALIA;349.0;187.179;2025
TIBACUY;350.0;0.5;2016
TIBACUY;350.0;0.4;2017
TIBACUY;350.0;2.02;2020
TIBACUY;350.0;2.363;2021
TIBACUY;350.0;2.78;2022
TIBACUY;350.0;3.197;2023
TIBACUY;350.0;3.614;2024
TIBACUY;350.0;4.031;2025
TIBASOSA;351.0;40.0;2015
TIBASOSA;351.0;0.0;2016
TIBASOSA;351.0;300.0;2017
TIBASOSA;351.0;763.333;2021
TIBASOSA;351.0;893.333;2022
TIBASOSA;351.0;1023.333;2023
TIBASOSA;351.0;1153.333;2024
TIBASOSA;351.0;1283.333;2025
TIBU;352.0;81.0;2016
TIBU;352.0;81.0;2021
TIBU;352.0;81.0;2022
TIBU;352.0;81.0;2023
TIBU;352.0;81.0;2024
TIBU;352.0;81.0;2025
TIERRALTA;353.0;335.0;2016
TIERRALTA;353.0;637.94;2017
TIERRALTA;353.0;171.0;2019
TIERRALTA;353.0;87.21;2021
TIERRALTA;353.0;7.0;2022
TIERRALTA;353.0;247.63;2023
TIERRALTA;353.0;17.876;2024
TIERRALTA;353.0;214.808;2025
TIMANA;354.0;60.75;2019
TIMANA;354.0;60.75;2021
TIMANA;354.0;60.75;2022
TIMANA;354.0;60.75;2023
TIMANA;354.0;60.75;2024
TIMANA;354.0;60.75;2025
TIMBIO;355.0;2.5;2015
TIMBIO;355.0;2.5;2021
TIMBIO;355.0;2.5;2022
TIMBIO;355.0;2.5;2023
TIMBIO;355.0;2.5;2024
TIMBIO;355.0;2.5;2025
TOCA;356.0;60.5;2015
TOCA;356.0;1.5;2016
TOCA;356.0;53.0;2017
TOCA;356.0;0.6;2020
TOCA;356.0;28.9;2021
TOCA;356.0;9.984;2022
TOCA;356.0;5.48;2023
TOCA;356.0;0.976;2024
TOCA;356.0;20.117;2025
TOCANCIPA;357.0;15500.1;2015
TOCANCIPA;357.0;12152.46;2016
TOCANCIPA;357.0;6745.38;2017
TOCANCIPA;357.0;24132.6;2019
TOCANCIPA;357.0;9595.09;2020
TOCANCIPA;357.0;15016.475;2021
TOCANCIPA;357.0;15402.961;2022
TOCANCIPA;357.0;15789.447;2023
TOCANCIPA;357.0;16175.933;2024
TOCANCIPA;357.0;16562.419;2025
TOLEDO;358.0;105.9;2015
TOLEDO;358.0;60.5;2016
TOLEDO;358.0;10.0;2017
TOLEDO;358.0;7.7;2019
TOLEDO;358.0;46.025;2021
TOLEDO;358.0;6.031;2022
TOLEDO;358.0;39.359;2023
TOLEDO;358.0;8.539;2024
TOLEDO;358.0;2.375;2025
TOLU VIEJO;359.0;710.0;2016
TOLU VIEJO;359.0;16.97;2017
TOLU VIEJO;359.0;363.485;2021
TOLU VIEJO;359.0;264.481;2022
TOLU VIEJO;359.0;239.73;2023
TOLU VIEJO;359.0;214.979;2024
TOLU VIEJO;359.0;190.228;2025
TRINIDAD;360.0;50.0;2019
TRINIDAD;360.0;50.0;2021
TRINIDAD;360.0;50.0;2022
TRINIDAD;360.0;50.0;2023
TRINIDAD;360.0;50.0;2024
TRINIDAD;360.0;50.0;2025
TRUJILLO;361.0;1.0;2017
TRUJILLO;361.0;1.0;2021
TRUJILLO;361.0;1.0;2022
TRUJILLO;361.0;1.0;2023
TRUJILLO;361.0;1.0;2024
TRUJILLO;361.0;1.0;2025
TULUA;362.0;741.44;2015
TULUA;362.0;5013.9800000000005;2016
TULUA;362.0;1324.27;2017
TULUA;362.0;2577.6;2019
TULUA;362.0;2305.57;2020
TULUA;362.0;2557.901;2021
TULUA;362.0;2603.826;2022
TULUA;362.0;2649.751;2023
TULUA;362.0;2695.676;2024
TULUA;362.0;2741.601;2025
TUMACO;363.0;47.0;2015
TUMACO;363.0;47.0;2021
TUMACO;363.0;47.0;2022
TUMACO;363.0;47.0;2023
TUMACO;363.0;47.0;2024
TUMACO;363.0;47.0;2025
TUNJA;364.0;1193.3;2015
TUNJA;364.0;2464.74;2016
TUNJA;364.0;3957.57;2017
TUNJA;364.0;10294.56;2019
TUNJA;364.0;2920.35;2020
TUNJA;364.0;7549.816;2021
TUNJA;364.0;8489.736;2022
TUNJA;364.0;9429.656;2023
TUNJA;364.0;10369.576;2024
TUNJA;364.0;11309.496;2025
TUNUNGUA;365.0;3.0;2019
TUNUNGUA;365.0;3.6;2020
TUNUNGUA;365.0;4.2;2021
TUNUNGUA;365.0;4.8;2022
TUNUNGUA;365.0;5.4;2023
TUNUNGUA;365.0;6.0;2024
TUNUNGUA;365.0;6.6;2025
TUQUERRES;366.0;3.1;2016
TUQUERRES;366.0;48.3;2019
TUQUERRES;366.0;10.7;2020
TUQUERRES;366.0;33.869;2021
TUQUERRES;366.0;38.808;2022
TUQUERRES;366.0;43.746;2023
TUQUERRES;366.0;48.685;2024
TUQUERRES;366.0;53.623;2025
TURBACO;367.0;45.0;2017
TURBACO;367.0;1.5;2019
TURBACO;367.0;3.0;2020
TURBACO;367.0;16.5;2021
TURBACO;367.0;16.5;2022
TURBACO;367.0;1.257;2023
TURBACO;367.0;13.96;2024
TURBACO;367.0;0.75;2025
TURBANA;368.0;69.0;2017
TURBANA;368.0;139.0;2019
TURBANA;368.0;15.5;2020
TURBANA;368.0;50.5;2021
TURBANA;368.0;40.214;2022
TURBANA;368.0;29.928;2023
TURBANA;368.0;19.642;2024
TURBANA;368.0;9.356;2025
TURBO;369.0;24.0;2015
TURBO;369.0;310.5;2016
TURBO;369.0;500.0;2017
TURBO;369.0;47.72;2020
TURBO;369.0;159.029;2021
TURBO;369.0;143.648;2022
TURBO;369.0;128.266;2023
TURBO;369.0;112.885;2024
TURBO;369.0;97.503;2025
UBATE;370.0;27.7;2015
UBATE;370.0;27.7;2021
UBATE;370.0;27.7;2022
UBATE;370.0;27.7;2023
UBATE;370.0;27.7;2024
UBATE;370.0;27.7;2025
UNE;371.0;0.5;2015
UNE;371.0;4.0;2016
UNE;371.0;8.0;2017
UNE;371.0;5.0;2019
UNE;371.0;21.0;2020
UNE;371.0;18.709;2021
UNE;371.0;21.767;2022
UNE;371.0;24.825;2023
UNE;371.0;27.883;2024
UNE;371.0;30.941;2025
URRAO;372.0;16.97;2017
URRAO;372.0;26.22;2020
URRAO;372.0;29.303;2021
URRAO;372.0;32.386;2022
URRAO;372.0;35.469;2023
URRAO;372.0;38.552;2024
URRAO;372.0;41.635;2025
VALDIVIA;373.0;16.97;2017
VALDIVIA;373.0;16.97;2021
VALDIVIA;373.0;16.97;2022
VALDIVIA;373.0;16.97;2023
VALDIVIA;373.0;16.97;2024
VALDIVIA;373.0;16.97;2025
VALLEDUPAR;374.0;190.5;2015
VALLEDUPAR;374.0;547.13;2016
VALLEDUPAR;374.0;923.6;2017
VALLEDUPAR;374.0;961.65;2019
VALLEDUPAR;374.0;1197.65;2020
VALLEDUPAR;374.0;1404.552;2021
VALLEDUPAR;374.0;1582.454;2022
VALLEDUPAR;374.0;1760.355;2023
VALLEDUPAR;374.0;1938.257;2024
VALLEDUPAR;374.0;2116.159;2025
VALPARAISO;375.0;4.0;2016
VALPARAISO;375.0;4.0;2021
VALPARAISO;375.0;4.0;2022
VALPARAISO;375.0;4.0;2023
VALPARAISO;375.0;4.0;2024
VALPARAISO;375.0;4.0;2025
VELEZ;376.0;448.0;2015
VELEZ;376.0;727.0;2016
VELEZ;376.0;27.5;2017
VELEZ;376.0;337.5;2019
VELEZ;376.0;6.0;2020
VELEZ;376.0;309.2;2021
VELEZ;376.0;88.0;2022
VELEZ;376.0;32.7;2023
VELEZ;376.0;246.988;2024
VELEZ;376.0;29.935;2025
VENTAQUEMADA;377.0;54.0;2020
VENTAQUEMADA;377.0;54.0;2021
VENTAQUEMADA;377.0;54.0;2022
VENTAQUEMADA;377.0;54.0;2023
VENTAQUEMADA;377.0;54.0;2024
VENTAQUEMADA;377.0;54.0;2025
VERSALLES;378.0;4.9;2016
VERSALLES;378.0;5.0;2017
VERSALLES;378.0;3.5;2019
VERSALLES;378.0;2.607;2021
VERSALLES;378.0;2.1;2022
VERSALLES;378.0;1.593;2023
VERSALLES;378.0;1.086;2024
VERSALLES;378.0;0.579;2025
VIJES;379.0;5.0;2016
VIJES;379.0;5.0;2021
VIJES;379.0;5.0;2022
VIJES;379.0;5.0;2023
VIJES;379.0;5.0;2024
VIJES;379.0;5.0;2025
VILLA DE SAN DIEGO DE UBATE;380.0;58.0;2016
VILLA DE SAN DIEGO DE UBATE;380.0;54.0;2017
VILLA DE SAN DIEGO DE UBATE;380.0;10.0;2019
VILLA DE SAN DIEGO DE UBATE;380.0;8.11;2020
VILLA DE SAN DIEGO DE UBATE;380.0;32.528;2021
VILLA DE SAN DIEGO DE UBATE;380.0;4.106;2022
VILLA DE SAN DIEGO DE UBATE;380.0;27.791;2023
VILLA DE SAN DIEGO DE UBATE;380.0;3.41;2024
VILLA DE SAN DIEGO DE UBATE;380.0;24.743;2025
VILLA RICA;381.0;125.7;2015
VILLA RICA;381.0;1.0;2016
VILLA RICA;381.0;3393.3;2017
VILLA RICA;381.0;261.14;2019
VILLA RICA;381.0;161.5;2020
VILLA RICA;381.0;616.34;2021
VILLA RICA;381.0;568.51;2022
VILLA RICA;381.0;520.68;2023
VILLA RICA;381.0;472.85;2024
VILLA RICA;381.0;425.02;2025
VILLAMARIA;382.0;46.75;2019
VILLAMARIA;382.0;1354.4;2020
VILLAMARIA;382.0;2662.05;2021
VILLAMARIA;382.0;3969.7;2022
VILLAMARIA;382.0;5277.35;2023
VILLAMARIA;382.0;6585.0;2024
VILLAMARIA;382.0;7892.65;2025
VILLANUEVA;383.0;188.7;2015
VILLANUEVA;383.0;203.0;2016
VILLANUEVA;383.0;119.67;2017
VILLANUEVA;383.0;427.6;2019
VILLANUEVA;383.0;436.9;2020
VILLANUEVA;383.0;491.834;2021
VILLANUEVA;383.0;552.017;2022
VILLANUEVA;383.0;612.2;2023
VILLANUEVA;383.0;672.383;2024
VILLANUEVA;383.0;732.567;2025
VILLAPINZON;384.0;4.0;2015
VILLAPINZON;384.0;3.0;2016
VILLAPINZON;384.0;5.0;2019
VILLAPINZON;384.0;5.5;2021
VILLAPINZON;384.0;5.846;2022
VILLAPINZON;384.0;6.192;2023
VILLAPINZON;384.0;6.538;2024
VILLAPINZON;384.0;6.884;2025
VILLAVICENCIO;385.0;1502.42;2015
VILLAVICENCIO;385.0;2284.4700000000003;2016
VILLAVICENCIO;385.0;4689.16;2017
VILLAVICENCIO;385.0;6487.16;2019
VILLAVICENCIO;385.0;27289.86;2020
VILLAVICENCIO;385.0;23657.132;2021
VILLAVICENCIO;385.0;27881.165;2022
VILLAVICENCIO;385.0;32105.197;2023
VILLAVICENCIO;385.0;36329.23;2024
VILLAVICENCIO;385.0;40553.263;2025
VILLETA;386.0;960.34;2015
VILLETA;386.0;3.5;2016
VILLETA;386.0;34.6;2017
VILLETA;386.0;14.0;2019
VILLETA;386.0;69.0;2020
VILLETA;386.0;216.288;2021
VILLETA;386.0;216.288;2022
VILLETA;386.0;216.288;2023
VILLETA;386.0;40.601;2024
VILLETA;386.0;4.563;2025
VITERBO;387.0;0.5;2015
VITERBO;387.0;1.2;2016
VITERBO;387.0;4.7;2021
VITERBO;387.0;5.4;2022
VITERBO;387.0;6.1;2023
VITERBO;387.0;6.8;2024
VITERBO;387.0;7.5;2025
YARUMAL;388.0;2.8;2019
YARUMAL;388.0;2.8;2021
YARUMAL;388.0;2.8;2022
YARUMAL;388.0;2.8;2023
YARUMAL;388.0;2.8;2024
YARUMAL;388.0;2.8;2025
YONDO;389.0;7532.5;2015
YONDO;389.0;2.0;2016
YONDO;389.0;0.1;2017
YONDO;389.0;10.3;2019
YONDO;389.0;5.0;2020
YONDO;389.0;1509.98;2021
YONDO;389.0;1509.98;2022
YONDO;389.0;1509.98;2023
YONDO;389.0;15.281;2024
YONDO;389.0;1343.902;2025
YOPAL;390.0;2441.78;2015
YOPAL;390.0;1536.2;2016
YOPAL;390.0;1530.18;2017
YOPAL;390.0;1574.88;2019
YOPAL;390.0;1833.5;2020
YOPAL;390.0;1503.656;2021
YOPAL;390.0;1425.975;2022
YOPAL;390.0;1348.294;2023
YOPAL;390.0;1270.613;2024
YOPAL;390.0;1192.932;2025
YOTOCO;391.0;34.0;2015
YOTOCO;391.0;34.0;2021
YOTOCO;391.0;34.0;2022
YOTOCO;391.0;34.0;2023
YOTOCO;391.0;34.0;2024
YOTOCO;391.0;34.0;2025
YUMBO;392.0;28649.3;2015
YUMBO;392.0;35585.81;2016
YUMBO;392.0;23297.1;2017
YUMBO;392.0;31337.81;2019
YUMBO;392.0;41919.03;2020
YUMBO;392.0;38694.883;2021
YUMBO;392.0;40510.736;2022
YUMBO;392.0;42326.59;2023
YUMBO;392.0;44142.443;2024
YUMBO;392.0;45958.297;2025
ZARAGOZA;393.0;33.94;2017
ZARAGOZA;393.0;33.94;2021
ZARAGOZA;393.0;33.94;2022
ZARAGOZA;393.0;33.94;2023
ZARAGOZA;393.0;33.94;2024
ZARAGOZA;393.0;33.94;2025
ZARZAL;394.0;2442.0;2015
ZARZAL;394.0;3103.0;2016
ZARZAL;394.0;4.0;2017
ZARZAL;394.0;43.5;2019
ZARZAL;394.0;20.0;2020
ZARZAL;394.0;1122.5;2021
ZARZAL;394.0;1122.5;2022
ZARZAL;394.0;51.832;2023
ZARZAL;394.0;988.667;2024
ZARZAL;394.0;39.744;2025
ZIPAQUIRA;395.0;5.85;2015
ZIPAQUIRA;395.0;181.53;2016
ZIPAQUIRA;395.0;333.31;2017
ZIPAQUIRA;395.0;223.94;2019
ZIPAQUIRA;395.0;24.35;2020
ZIPAQUIRA;395.0;158.005;2021
ZIPAQUIRA;395.0;159.174;2022
ZIPAQUIRA;395.0;160.343;2023
ZIPAQUIRA;395.0;161.512;2024
ZIPAQUIRA;395.0;162.681;2025
ZONA BANANERA;396.0;224.8;2019
ZONA BANANERA;396.0;224.8;2021
ZONA BANANERA;396.0;224.8;2022
ZONA BANANERA;396.0;224.8;2023
ZONA BANANERA;396.0;224.8;2024
ZONA BANANERA;396.0;224.8;2025
